k,D,a,b,err,approx
0,910,599,-381,8.878793266438997e-11,0.06613695905038544
0,793,406,-250,1.6863381967793706e-08,0.06613696015980608
0,676,213,-119,3.944456566477342e-08,0.0661369616532569
0,559,20,12,7.147833874004612e-08,0.06613696377187324
0,117,193,-131,1.1360568260998938e-07,0.0661369515309789
0,234,386,-262,1.1360568260998938e-07,0.0661369515309789
0,351,579,-393,1.1360568260998938e-07,0.0661369515309789
0,939,-167,162,1.1977527557401942e-07,0.06613695112294078
0,442,-173,143,1.204711678407072e-07,0.06613696701210997
0,884,-346,286,1.204711678407072e-07,0.06613696701210997
0,822,-360,293,1.206534286714904e-07,0.0661369510648624
0,705,-553,424,1.2182305452253492e-07,0.06613695098750691
0,767,-539,417,1.5617780485006343e-07,0.06613696937363836
0,325,-366,274,2.047388325592995e-07,0.06613697258531706
0,972,613,-388,2.1168151092104618e-07,0.0661369730444847
0,965,778,-505,2.2682352259900863e-07,0.06613694404309525
0,848,585,-374,2.424443802587987e-07,0.06613694300997923
0,855,420,-257,2.561944943028177e-07,0.06613697598843805
0,731,392,-243,2.6306562176205276e-07,0.06613694164615302
0,614,199,-112,2.915457724752816e-07,0.06613693976256246
0,738,227,-126,3.1482135169247234e-07,0.06613697986584012
0,946,-332,279,3.299895802499458e-07,0.06613698086902063
0,497,6,19,3.3343508980009867e-07,0.0661369369921304
0,994,12,38,3.3343508980009867e-07,0.0661369369921304
0,877,-181,169,3.627623881077986e-07,0.06613693505251207
0,208,-559,405,3.838076266436231e-07,0.06613698442838256
0,829,-525,410,3.925959081904488e-07,0.06613698500961278
0,621,34,5,3.955394885413804e-07,0.06613698520429223
0,380,-187,150,4.0111940766855956e-07,0.06613693251569544
0,760,-374,300,4.0111940766855956e-07,0.06613693251569544
0,413,593,-400,4.014480313357687e-07,0.06613698559506528
0,643,-567,431,4.534352800172265e-07,0.06613692905568273
0,917,434,-264,4.6316240371283297e-07,0.0661369896766662
0,903,764,-498,4.701642626287044e-07,0.0661369279492787
0,504,-159,136,5.13733903340395e-07,0.0661369930213114
0,786,571,-367,5.232397765155592e-07,0.06613692443902561
0,263,-380,281,5.290247530575648e-07,0.06613692405642485
0,800,241,-133,5.475147358523045e-07,0.06613699525547294
0,932,-2,45,5.762962557237169e-07,0.06613692093003141
0,669,378,-236,5.948798209499639e-07,0.06613691970097092
0,891,-511,403,5.961118287936577e-07,0.06613699846953688
0,296,400,-269,6.050334519232132e-07,0.06613699905958591
0,406,758,-517,6.375396330609734e-07,0.06613691687958068
0,815,-195,176,6.427193194943922e-07,0.06613691653701197
0,979,448,-271,6.43915786271495e-07,0.06613700163114526
0,683,48,-2,6.6076669591154e-07,0.06613700274561318
0,552,185,-105,6.968890133896282e-07,0.06613691295439314
0,387,-352,267,7.033947082975652e-07,0.06613700556490029
0,774,-704,534,7.033947082975652e-07,0.06613700556490029
0,698,-388,307,7.314102874117751e-07,0.06613691067126105
0,862,255,-140,7.467348255704632e-07,0.06613700843128385
0,841,750,-491,7.493840198314855e-07,0.06613690948253305
0,987,177,-79,7.660320224363329e-07,0.06613690838148478
0,953,-497,396,7.731471888165246e-07,0.06613701017811724
0,475,607,-407,7.820456177264594e-07,0.06613701076663227
0,566,-145,129,8.208401384016999e-07,0.06613701333238389
0,289,565,-386,8.496513015332793e-07,0.06613690285115995
0,724,557,-360,8.521272041113387e-07,0.06613690268741128
0,435,-8,26,8.537721163189156e-07,0.06613690257862179
0,870,-16,52,8.537721163189156e-07,0.06613690257862179
0,581,-581,438,8.558218874321654e-07,0.06613690244305616
0,146,-573,412,8.619290765808021e-07,0.06613690203914524
0,745,62,-9,8.818487038519016e-07,0.06613701736730489
0,836,-690,527,8.972501623573175e-07,0.06613701838591052
0,924,269,-147,9.192197519005117e-07,0.06613701983891236
0,753,-209,183,9.687780559328387e-07,0.06613689497247867
0,607,364,-229,9.944781399199087e-07,0.06613689327275327
0,925,163,-72,1.0397267428248104e-06,0.06613689028014827
0,270,-545,398,1.0574282079745836e-06,0.06613702897959936
0,449,-338,260,1.0643371555083283e-06,0.06613702943653614
0,898,-676,520,1.0643371555083283e-06,0.06613702943653614
0,628,-131,122,1.0673075620969328e-06,0.0661370296329898
0,807,76,-16,1.0689602421522347e-06,0.06613702974229303
0,986,283,-154,1.070012861583836e-06,0.06613702981191008
0,779,736,-484,1.0730495406987258e-06,0.06613688807627975
0,537,621,-414,1.0747584697162518e-06,0.06613703012577017
0,179,207,-138,1.0747584705555882e-06,0.06613703012577023
0,358,414,-276,1.0747584705555882e-06,0.06613703012577023
0,954,-603,471,1.1260975029515006e-06,0.06613688456784884
0,318,-201,157,1.1260975033711688e-06,0.06613688456784882
0,636,-402,314,1.1260975033711688e-06,0.06613688456784882
0,808,-30,59,1.1738309062386958e-06,0.0661368814109067
0,490,171,-98,1.2048089111121962e-06,0.06613687936211567
0,980,342,-196,1.2048089111121962e-06,0.06613687936211567
0,960,-662,513,1.2098420802713078e-06,0.06613703905978939
0,869,90,-23,1.2293723205426248e-06,0.06613704035146009
0,662,543,-353,1.2426189234483103e-06,0.06613687686147643
0,690,-117,115,1.2694822900022537e-06,0.0661370430042115
0,599,635,-421,1.3068763436296485e-06,0.06613704547734049
0,511,-324,253,1.3376927873844699e-06,0.06613704751544637
0,172,372,-255,1.3503334908234066e-06,0.0661368697375625
0,344,744,-510,1.3503334908234066e-06,0.0661368697375625
0,863,149,-65,1.3527472399181273e-06,0.06613686957792447
0,691,-223,190,1.3533480574133465e-06,0.06613686953818823
0,519,-595,445,1.3543471028475472e-06,0.0661368694721144
0,931,104,-30,1.3684190950226772e-06,0.06613704954759092
0,420,428,-283,1.4058027694172492e-06,0.06613705202003346
0,892,-617,478,1.4349446740713846e-06,0.06613686414163614
0,752,-103,108,1.438319695738464e-06,0.06613705417060409
0,717,722,-477,1.4526906861565327e-06,0.06613686296796886
1,676,-74,187,1.4529771610219527e-09,0.2817425091180012
1,430,-33,109,3.6817883576601134e-09,0.2817425076713195
1,860,-66,218,3.6817883576601134e-09,0.2817425076713195
1,922,-115,265,3.8477158467208835e-09,0.2817425097927009
1,614,-25,140,9.335048119519273e-09,0.2817425060785559
1,246,-41,78,1.0428380099998322e-08,0.28174251164675373
1,492,-82,156,1.0428380099998322e-08,0.28174251164675373
1,738,-123,234,1.0428380099998322e-08,0.28174251164675373
1,984,-164,312,1.0428380099998322e-08,0.28174251164675373
1,798,-17,171,1.2381290682422344e-08,0.28174250522029987
1,982,-9,202,1.4285968032565217e-08,0.2817425046836713
1,800,-172,281,1.8012595618898388e-08,0.28174251378354964
1,554,-131,203,2.1380316091420102e-08,0.28174251473237966
1,184,8,31,2.2546470196336698e-08,0.2817425023563367
1,368,16,62,2.2546470196336698e-08,0.2817425023563367
1,552,24,93,2.2546470196336698e-08,0.2817425023563367
1,736,32,124,2.2546470196336698e-08,0.2817425023563367
1,920,40,155,2.2546470196336698e-08,0.2817425023563367
1,862,-221,328,2.4505810589148876e-08,0.2817425156129643
1,308,-90,125,3.0127641239226534e-08,0.281742517196873
1,616,-180,250,3.0127641239226534e-08,0.281742517196873
1,924,-270,375,3.012764163328245e-08,0.2817425171968731
1,858,89,108,3.2000797859587333e-08,0.2817424996926507
1,674,81,77,3.4581801260193266e-08,0.2817424989654723
1,986,-319,422,3.504246720655244e-08,0.2817425185815884
1,678,-229,297,3.7275161036135044e-08,0.28174251921063315
1,490,73,46,3.9101190933227994e-08,0.28174249769216814
1,980,146,92,3.9101190933227994e-08,0.28174249769216814
1,796,138,61,4.292791029855449e-08,0.2817424966140186
1,370,-139,172,4.322498787177274e-08,0.2817425208869523
1,740,-278,344,4.322498787177274e-08,0.2817425208869523
1,802,-327,391,4.825489176162123e-08,0.28174252230409
1,306,65,15,4.905566362590782e-08,0.28174249488757
1,612,130,30,4.905566362590782e-08,0.28174249488757
1,918,195,45,4.905566362590782e-08,0.28174249488757
1,432,-188,219,5.256291102325818e-08,0.2817425235178422
1,864,-376,438,5.256291102325818e-08,0.2817425235178422
1,734,187,14,5.5701020038983265e-08,0.28174249301529064
1,926,-425,485,5.629404680630311e-08,0.28174252456906174
1,494,-237,266,5.9556902103487994e-08,0.2817425254883468
1,988,-474,532,5.9556902103487994e-08,0.2817425254883468
1,428,122,-1,6.045213921936537e-08,0.2817424916766984
1,856,244,-2,6.045213921936537e-08,0.2817424916766984
1,978,301,-18,6.401790766383471e-08,0.28174249067206986
1,556,-286,313,6.499108234102858e-08,0.28174252701938635
1,550,179,-17,6.679272392042659e-08,0.28174248989028616
1,618,-335,360,6.933490887270637e-08,0.28174252824322693
1,672,236,-33,7.083107259188794e-08,0.2817424887525117
1,680,-384,407,7.28866258742802e-08,0.2817425292438966
1,794,293,-49,7.362841722224928e-08,0.2817424879643808
1,916,350,-65,7.568061767987671e-08,0.2817424873861887
1,742,-433,454,7.584479496958471e-08,0.28174253007733857
1,804,-482,501,7.834672848919833e-08,0.2817425307822396
1,866,-531,548,8.04904176970519e-08,0.281742531386208
1,928,-580,595,8.234766588601107e-08,0.28174253190947374
1,990,-629,642,8.397228887852486e-08,0.2817425323671991
1,122,57,-16,8.903674221192899e-08,0.28174248362320065
1,244,114,-32,8.903674221192899e-08,0.28174248362320065
1,366,171,-48,8.903674221192899e-08,0.28174248362320065
1,488,228,-64,8.903674221192899e-08,0.28174248362320065
1,610,285,-80,8.903674221192899e-08,0.28174248362320065
1,732,342,-96,8.903674221192899e-08,0.28174248362320065
1,854,399,-112,8.903674221192899e-08,0.28174248362320065
1,976,456,-128,8.903674221192899e-08,0.28174248362320065
1,914,505,-175,1.0242209229507819e-07,0.28174247985197853
1,792,448,-159,1.0448397726793541e-07,0.2817424792710579
1,670,391,-143,1.0729675726557072e-07,0.2817424784785782
1,434,-343,329,1.0828922610260007e-07,0.281742539218314
1,868,-686,658,1.0828922610260007e-07,0.281742539218314
1,310,-245,235,1.0828922629962803e-07,0.28174253921831405
1,620,-490,470,1.0828922629962803e-07,0.28174253921831405
1,806,-637,611,1.0828922629962803e-07,0.28174253921831405
1,186,-147,141,1.0828922649665598e-07,0.2817425392183141
1,372,-294,282,1.0828922649665598e-07,0.2817425392183141
1,558,-441,423,1.0828922649665598e-07,0.2817425392183141
1,744,-588,564,1.0828922649665598e-07,0.2817425392183141
1,62,-49,47,1.0828922669368394e-07,0.28174253921831416
1,124,-98,94,1.0828922669368394e-07,0.28174253921831416
1,248,-196,188,1.0828922669368394e-07,0.28174253921831416
1,496,-392,376,1.0828922669368394e-07,0.28174253921831416
1,682,-539,517,1.0828922669368394e-07,0.28174253921831416
1,548,334,-127,1.1136194291819163e-07,0.2817424773332426
1,974,611,-238,1.1415832349075345e-07,0.2817424765453833
1,426,277,-111,1.1775554528144315e-07,0.281742475531893
1,852,554,-222,1.1775554528144315e-07,0.281742475531893
1,730,497,-206,1.2255512604950996e-07,0.2817424741796471
1,304,220,-95,1.2928085430432558e-07,0.28174247228472354
1,608,440,-190,1.2928085430432558e-07,0.28174247228472354
1,912,660,-285,1.2928085430432558e-07,0.28174247228472354
1,790,603,-269,1.354957676776632e-07,0.28174247053371826
1,486,383,-174,1.3938328573330557e-07,0.28174246943843917
1,972,766,-348,1.3938328573330557e-07,0.28174246943843917
1,684,-694,627,1.4348479408110598e-07,0.2817425491344016
1,668,546,-253,1.4398079955313322e-07,0.2817424681431241
1,850,709,-332,1.4660949554130298e-07,0.2817424674025087
1,622,-645,580,1.4699303351422593e-07,0.2817425501228218
1,560,-596,533,1.512780982306198e-07,0.28174255133010667
1,182,163,-79,1.5625767664829894e-07,0.28174246468420594
1,364,326,-158,1.5625767664829894e-07,0.28174246468420594
1,546,489,-237,1.5625767664829894e-07,0.28174246468420594
2,968,1306,-543,4.3840447857180894e-10,0.555869871520051
2,707,393,0,1.6871017845619705e-09,0.5558698727015559
2,996,1743,-841,3.192534554238764e-09,0.5558698735383806
2,679,-44,298,3.5513383783639973e-09,0.5558698697896648
2,940,869,-245,4.28565480010841e-09,0.5558698693814804
2,261,913,-543,6.1960020004154965e-09,0.555869868319576
2,446,-520,543,6.3003083035134935e-09,0.5558698752658984
2,735,830,-298,6.526422799696111e-09,0.5558698753915886
2,912,432,53,8.369139392808996e-09,0.5558698671115944
2,651,-481,596,9.240397133685302e-09,0.5558698666272884
2,920,-603,788,1.0026103150103492e-08,0.5558698773369555
2,763,1267,-596,1.1010564239477653e-08,0.5558698778841877
2,884,-5,351,1.2711306589132531e-08,0.5558698646979144
2,474,-83,245,1.35318086692932e-08,0.5558698792856716
2,948,-166,490,1.35318086692932e-08,0.5558698792856716
2,976,271,192,1.6836367183238767e-08,0.5558698811225761
2,856,-442,649,1.733754071056905e-08,0.5558698621263303
2,502,354,-53,1.995660770117541e-08,0.5558698828570238
2,699,1428,-735,2.2408996796943797e-08,0.5558698593072606
2,233,476,-245,2.2408996996670944e-08,0.5558698593072605
2,466,952,-490,2.2408996996670944e-08,0.5558698593072605
2,715,-642,735,2.5243987006433513e-08,0.5558698857961186
2,530,791,-351,2.5702560331558736e-08,0.5558698860510257
2,904,1467,-682,2.7089961349008012e-08,0.5558698567052535
2,671,991,-437,2.871539298356314e-08,0.555869855801725
2,743,-205,437,2.9143459784838417e-08,0.5558698879637181
2,558,1228,-649,3.087185815253022e-08,0.5558698889244826
2,438,515,-192,3.207016549820718e-08,0.555869853936908
2,876,1030,-384,3.207016549820718e-08,0.555869853936908
2,771,232,139,3.2759702295140625e-08,0.5558698899738783
2,643,554,-139,3.5571024238769895e-08,0.5558698519908861
2,799,669,-159,3.612249105847521e-08,0.5558698918431513
2,848,593,-86,3.737925094985354e-08,0.5558698509857474
2,827,1106,-457,3.925756990519315e-08,0.5558698935858472
2,855,1543,-755,4.218731007307546e-08,0.5558698952144014
2,205,39,53,4.305090787848785e-08,0.5558698478330442
2,410,78,106,4.305090787848785e-08,0.5558698478330442
2,820,156,212,4.305090787848785e-08,0.5558698478330442
2,615,117,159,4.3050908078215e-08,0.555869847833044
2,997,-242,563,4.7874945373034557e-08,0.5558698451515071
2,241,-559,490,4.827955841540309e-08,0.5558698986008987
2,792,-281,510,4.912359134914846e-08,0.5558698444574224
2,587,-320,457,5.1244375263666556e-08,0.5558698432785425
2,510,-681,682,5.2695856938035326e-08,0.555869901055786
2,969,-679,861,5.297777120397982e-08,0.5558698423149999
2,382,-359,404,5.564139272690477e-08,0.555869840834373
2,269,-122,192,5.6652466459710535e-08,0.5558699032551461
2,538,-244,384,5.6652466459710535e-08,0.5558699032551461
2,807,-366,576,5.6652466459710535e-08,0.5558699032551461
2,840,1628,-821,5.780270787013318e-08,0.555869839632963
2,835,71,278,5.906907803254605e-08,0.5558699045984676
2,566,193,86,6.021760897969918e-08,0.5558699052369014
2,863,508,-20,6.13288758347794e-08,0.5558699058546211
2,297,315,-106,6.344664386940845e-08,0.5558699070318246
2,594,630,-212,6.344664386940845e-08,0.5558699070318246
2,891,945,-318,6.344664386940845e-08,0.5558699070318246
2,812,1191,-523,6.423450054772368e-08,0.5558698360577232
2,989,793,-172,6.530636043819264e-08,0.5558698354619086
2,919,1382,-616,6.543536400140197e-08,0.5558699081372942
2,622,1067,-510,6.638496191871295e-08,0.5558699086651471
2,325,752,-404,6.907013240276307e-08,0.5558699101577524
2,177,-398,351,7.022359301530835e-08,0.5558698327285672
2,961,356,126,7.095955259227443e-08,0.5558698323194694
2,784,754,-225,7.112570700226544e-08,0.5558698322271092
2,607,1152,-576,7.138876183281894e-08,0.5558698320808849
2,933,-81,424,7.695205779758521e-08,0.5558698289884163
2,756,317,73,7.852737309801574e-08,0.555869828112746
2,871,-527,715,8.011881736403838e-08,0.5558699162993835
2,579,715,-278,8.106583460690919e-08,0.5558698267016917
2,899,-90,417,8.163251344488404e-08,0.5558699171408016
2,927,347,119,8.30547674483121e-08,0.5558699179313897
2,905,-518,722,8.331537002897966e-08,0.5558698254512427
2,955,784,-179,8.439362238645055e-08,0.5558699186756189
2,983,1221,-477,8.565620472355907e-08,0.5558699193774503
2,402,1113,-629,8.583965710212169e-08,0.5558698240480676
2,728,-120,371,8.649839817029926e-08,0.5558698236818933
2,953,1391,-609,8.924323194600356e-08,0.5558698221561229
2,602,-405,523,9.060461211155178e-08,0.5558699221281209
2,551,278,20,9.172642096479786e-08,0.5558698207757929
2,630,32,225,9.229859709271087e-08,0.5558699230697561
2,658,469,-73,9.384841342827017e-08,0.5558699239312523
2,700,-557,669,9.510710548004895e-08,0.5558698188965723
2,686,906,-371,9.527171420166503e-08,0.5558699247224224
2,925,954,-311,9.584101625596192e-08,0.5558698184886134
2,714,1343,-669,9.658338347919295e-08,0.5558699254515398
2,935,-688,854,1.0037266219799328e-07,0.5558699275578857
2,963,-251,556,1.011968632248788e-07,0.5558699280160342
2,374,676,-331,1.019028930899896e-07,0.5558698151189987
2,748,1352,-662,1.019028930899896e-07,0.5558698151189987
2,991,186,258,1.0197448947937435e-07,0.5558699284482932
2,897,517,-13,1.0285070205126309e-07,0.5558698145921402
2,523,-159,318,1.0352848510544214e-07,0.5558698142153811
2,869,80,285,1.1031210553743835e-07,0.5558698104445708
2,720,915,-364,1.1087153328141505e-07,0.5558698101336018
2,495,-596,616,1.1666573240039175e-07,0.5558698069127811
2,333,-283,331,1.1803142048072984e-07,0.5558699373738574
2,666,-566,662,1.1803142048072984e-07,0.5558699373738574
2,841,-357,583,1.1827034407790086e-07,0.5558698060208258
2,694,-129,364,1.1846263098726696e-07,0.5558699376135543
2,361,154,33,1.1886039558556159e-07,0.5558699378346597
3,814,-542,883,4.657449050188491e-10,0.8682439503383821
3,785,963,-199,5.715653368223425e-10,0.86824395043026
3,576,947,-316,1.743387979259488e-09,0.8682439484203158
3,605,-558,766,1.7747996138224442e-09,0.8682439483930429
3,994,979,-82,1.913027019807942e-09,0.868243951594976
3,972,373,333,3.632526208860569e-09,0.868243946780083
3,943,1878,-749,3.67046995147844e-09,0.8682439467471386
3,396,-574,649,6.380363773229349e-09,0.8682439443942896
3,763,357,216,6.531698103884898e-09,0.8682439442628945
3,367,931,-433,6.694990831402393e-09,0.8682439441211166
3,734,1862,-866,6.694990831402393e-09,0.8682439441211166
3,209,16,117,6.951531818145682e-09,0.8682439559696273
3,418,32,234,6.951531818145682e-09,0.8682439559696273
3,836,64,468,6.951531818145682e-09,0.8682439559696273
3,627,48,351,6.951531946015623e-09,0.8682439559696274
3,807,1569,-614,7.287537835327915e-09,0.8682439562613625
3,598,1553,-731,7.4049711594133616e-09,0.8682439563633233
3,950,-233,748,9.434926033430838e-09,0.8682439417421844
3,921,1272,-334,9.656479119107375e-09,0.8682439415498223
3,554,341,99,1.161833174136369e-08,0.8682439398464556
3,858,670,53,1.3104714565994849e-08,0.868243961312091
3,741,-249,631,1.4056747577108784e-08,0.8682439377293159
3,712,1256,-451,1.4531583651307421e-08,0.8682439373170423
3,649,654,-64,1.5086247778706885e-08,0.8682439630325453
3,899,666,81,1.5935463639316476e-08,0.868243936098132
3,870,2171,-1001,1.638668891255951e-08,0.8682439357063584
3,909,-229,720,1.826913852129816e-08,0.8682439657960709
3,440,638,-181,1.8950237888744192e-08,0.8682439663874313
3,880,1276,-362,1.8950237888744192e-08,0.8682439663874313
3,187,-590,532,2.128071742877567e-08,0.8682439314571477
3,700,-245,603,2.164825259299644e-08,0.8682439687299662
3,532,-265,514,2.2310000251474443e-08,0.8682439305634791
3,877,60,496,2.2529470975165342e-08,0.868243930372925
3,671,1260,-479,2.2687539831992064e-08,0.8682439696323211
3,345,325,-18,2.2867901278554863e-08,0.868243930079085
3,690,650,-36,2.2867901278554863e-08,0.868243930079085
3,848,1565,-586,2.321790534602446e-08,0.868243929775196
3,503,1240,-568,2.3457967605629212e-08,0.8682439295667634
3,931,377,305,2.367240754223992e-08,0.8682439704874265
3,902,1882,-777,2.451061392881811e-08,0.8682439712151941
3,158,915,-550,2.4746403670091508e-08,0.8682439284480866
3,491,-261,486,2.790408702764658e-08,0.8682439741615566
3,982,-522,972,2.790408702764658e-08,0.8682439741615566
3,722,361,188,2.851266099420985e-08,0.8682439746899473
3,953,983,-110,2.8826207423513346e-08,0.8682439749621821
3,855,-546,911,2.946281917625204e-08,0.8682439243530874
3,984,1874,-721,2.950312991934373e-08,0.8682439243180878
3,231,622,-298,2.9806209938254325e-08,0.8682439758130633
3,462,1244,-596,2.9806209938254325e-08,0.8682439758130633
3,693,1866,-894,2.9806210193994205e-08,0.8682439758130636
3,826,959,-171,3.041301213891812e-08,0.8682439235280881
3,668,44,379,3.175331787763905e-08,0.8682439223643758
3,639,1549,-703,3.308553034419805e-08,0.8682439212076903
3,773,-538,855,3.3569137145504876e-08,0.8682439790802021
3,975,1589,-525,3.374742556458772e-08,0.868243979235
3,991,-237,776,3.4846626264336815e-08,0.8682439196786295
3,744,967,-227,3.4971109441867404e-08,0.8682439802974561
3,481,634,-153,3.5824786173231125e-08,0.868243918829348
3,962,1268,-306,3.5824786173231125e-08,0.868243918829348
3,513,345,71,3.729682454790534e-08,0.8682439823167442
3,804,353,244,3.800188111597655e-08,0.8682439169390985
3,997,2195,-940,3.845145878503261e-08,0.8682439833192483
3,775,1858,-838,3.9334129002509155e-08,0.8682439157823824
3,795,68,440,3.94733426693479e-08,0.8682439842064928
3,766,1573,-642,4.105857688613999e-08,0.8682439855828629
3,323,-281,397,4.124393306045968e-08,0.8682439141242065
3,646,-562,794,4.124393306045968e-08,0.8682439141242065
3,940,662,109,4.2442349581700935e-08,0.8682439130836886
3,617,943,-288,4.306972183612853e-08,0.8682439125389765
3,282,-277,369,4.343275342103495e-08,0.8682439876442273
3,564,-554,738,4.343275342103495e-08,0.8682439876442273
3,911,2167,-973,4.371706507364737e-08,0.8682439119769246
3,817,674,25,4.505957388357803e-08,0.8682439890567043
3,535,951,-344,4.591707546061042e-08,0.8682439898012249
3,782,-253,659,4.601774529119921e-08,0.868243909979373
3,753,1252,-423,4.76976287102883e-08,0.8682439085208243
3,868,-225,692,4.8590407558063436e-08,0.8682439921223293
3,459,28,262,4.9377094634020734e-08,0.8682439070626382
3,918,56,524,4.9377094634020734e-08,0.8682439070626382
3,839,1280,-390,5.035284406666136e-08,0.8682439936525541
3,889,1561,-558,5.090957303786457e-08,0.8682439057320731
3,586,52,323,5.107241860419915e-08,0.8682439942773204
3,890,381,277,5.349307650191813e-08,0.8682439963790419
3,595,337,127,5.3792239736672624e-08,0.8682439032292152
3,557,1557,-759,5.38563729054719e-08,0.8682439966944718
3,861,1886,-805,5.537561037694775e-08,0.8682439980135406
3,941,-518,944,5.6292922479431284e-08,0.8682439988099913
3,731,646,-8,5.6564539971542495e-08,0.8682439008221823
3,896,-550,939,5.665238534216042e-08,0.8682439007459111
3,304,329,-46,5.8159213163753296e-08,0.8682440004303869
3,608,658,-92,5.8159213163753296e-08,0.8682440004303869
3,912,987,-138,5.8159213291623236e-08,0.868244000430387
3,867,955,-143,5.846709904651825e-08,0.8682438991702969
3,963,88,529,6.064797970673047e-08,0.8682440025912433
3,659,-241,575,6.179606022578284e-08,0.8682440035880573
3,934,1593,-553,6.260553193500835e-08,0.8682440042908762
3,437,-578,677,6.429393762991068e-08,0.8682438941111795
3,630,1264,-507,6.4751057195944e-08,0.8682440061537156
3,985,694,114,6.480849624547341e-08,0.8682440062035867
3,355,-570,621,6.491043032616671e-08,0.8682440062920903
4,254,-697,763,7.373211898274822e-10,1.5041139688609118
4,203,-126,305,2.0302243834595867e-09,1.5041139730236157
4,406,-252,610,2.0302243834595867e-09,1.5041139730236157
4,609,-378,915,2.0302243834595867e-09,1.5041139730236157
4,812,-504,1220,2.0302243834595867e-09,1.5041139730236157
4,921,2849,-1035,2.4532469450384258e-09,1.5041139662799639
4,964,-59,1067,2.7594325541964285e-09,1.504113974120428
4,972,2278,-577,2.941209532181863e-09,1.5041139655460125
4,761,67,762,2.9539519190630194e-09,1.5041139744130072
4,558,193,457,3.290003217144895e-09,1.5041139749184667
4,913,512,609,3.5701073528814996e-09,1.5041139753397752
4,355,319,152,4.010383864498674e-09,1.5041139760020013
4,710,638,304,4.010383864498674e-09,1.5041139760020013
4,769,2404,-882,4.253564662300626e-09,1.5041139635720808
4,862,1083,151,4.4767092244445545e-09,1.5041139767034077
4,820,1833,-424,4.7200078268798455e-09,1.5041139628704971
4,507,764,-1,4.803228828590711e-09,1.5041139771945304
4,871,1262,34,5.131827285928168e-09,1.5041139622510737
4,659,1209,-154,5.230330264880221e-09,1.5041139778369397
4,811,1654,-307,5.497334613964603e-09,1.5041139782385446
4,922,691,492,5.4980875007190164e-09,1.5041139617001766
4,963,2099,-460,5.680051076519662e-09,1.504113978513371
4,973,120,950,5.825952557782764e-09,1.5041139612070302
4,152,445,-153,6.654938890958838e-09,1.5041139799797134
4,304,890,-306,6.654938890958838e-09,1.5041139799797134
4,456,1335,-459,6.654938890958838e-09,1.5041139799797134
4,608,1780,-612,6.654938890958838e-09,1.5041139799797134
4,760,2225,-765,6.654938890958838e-09,1.5041139799797134
4,912,2670,-918,6.654938890958838e-09,1.5041139799797134
4,617,1959,-729,6.940910967009395e-09,1.5041139595300057
4,668,1388,-271,7.308319112663442e-09,1.504113958977382
4,719,817,187,7.623605351184051e-09,1.5041139585031555
4,861,3241,-1376,7.745318795400676e-09,1.504113981619769
4,770,246,645,7.897126451814865e-09,1.5041139580917486
4,709,2796,-1223,7.979081422779485e-09,1.5041139819713747
4,821,-325,1103,8.136665787347974e-09,1.5041139577314542
4,557,2351,-1070,8.340427206187117e-09,1.50411398251488
4,405,1906,-917,8.97300575736671e-09,1.5041139834663502
4,253,1461,-764,1.0365678108321965e-08,1.504113985561088
4,465,1514,-576,1.138514567611361e-08,1.5041139528453702
4,930,3028,-1152,1.138514567611361e-08,1.5041139528453702
4,981,2457,-694,1.1404281990662831e-08,1.504113952816587
4,516,943,-118,1.142152678796023e-08,1.5041139527906489
4,567,372,340,1.1451363247163049e-08,1.5041139527457714
4,618,-199,798,1.1476275384117447e-08,1.5041139527083007
4,955,-238,1184,1.1506636502050693e-08,1.5041139872772196
4,51,-571,458,1.1753238653464464e-08,1.5041139522917164
4,803,-683,1337,1.2425014998701304e-08,1.5041139886585655
4,904,333,726,1.2818863936670915e-08,1.5041139892509592
4,752,-112,879,1.4064763672100758e-08,1.5041139911249344
4,982,299,833,1.4253968099355755e-08,1.5041139485303343
4,853,904,268,1.4288004928523929e-08,1.5041139914607147
4,931,870,375,1.4390957615819415e-08,1.5041139483242865
4,954,1920,-343,1.4463976854383132e-08,1.5041139917253965
4,880,1441,-83,1.4543825513933642e-08,1.5041139480943557
4,829,2012,-541,1.4715502147046494e-08,1.5041139478361345
4,778,2583,-999,1.49096865511198e-08,1.504113947544059
4,600,-557,1032,1.594191938764494e-08,1.5041139939483905
4,701,459,421,1.594310614384469e-08,1.5041139939501755
4,802,1475,-190,1.594399425496519e-08,1.5041139939515114
4,903,2491,-801,1.5944683367782758e-08,1.5041139939525479
4,466,-644,951,1.7390319235163003e-08,1.5041139438129048
4,852,3062,-1259,1.76026576580083e-08,1.5041139964463301
4,751,2046,-648,1.7824898017922664e-08,1.504113996780605
4,415,-73,493,1.8083069086254685e-08,1.50411394277093
4,830,-146,986,1.8083069086254685e-08,1.50411394277093
4,650,1030,-37,1.81162039275661e-08,1.5041139972187623
4,779,425,528,1.8497473899367717e-08,1.504113942147618
4,549,14,574,1.8514693452815117e-08,1.504113997818136
4,364,498,35,1.8969941191356216e-08,1.5041139414369733
4,728,996,70,1.8969941191356216e-08,1.5041139414369733
4,677,1567,-388,1.9513592302101058e-08,1.50411394061926
4,990,2636,-811,1.971348019240117e-08,1.504113940318606
4,700,2617,-1106,1.9979876474712728e-08,1.5041140000219382
4,313,1069,-423,2.014582570637245e-08,1.504113939668309
4,626,2138,-846,2.014582570637245e-08,1.504113939668309
4,939,3207,-1269,2.014582570637245e-08,1.504113939668309
4,946,-417,1301,2.0420277581706513e-08,1.5041140006843516
4,599,1601,-495,2.0659345108206858e-08,1.5041140010439364
4,498,585,116,2.1614421372015503e-08,1.50411400248048
4,996,1170,232,2.1614421372015503e-08,1.50411400248048
4,895,154,843,2.225362886963042e-08,1.504114003441921
4,991,478,716,2.25289016867765e-08,1.504113936083891
4,397,-431,727,2.3055455920327456e-08,1.5041140046479602
4,940,1049,258,2.3113538771432745e-08,1.5041139352045303
4,945,1741,-226,2.341521562230579e-08,1.5041140051890798
4,678,-591,1139,2.3629053323166346e-08,1.5041139344291377
4,548,2172,-953,2.3675844496828833e-08,1.5041140055810953
4,889,1620,-200,2.376525452291068e-08,1.5041139342242755
4,844,725,385,2.4308546167136502e-08,1.5041140065327507
4,995,3328,-1295,2.4460060050091614e-08,1.5041140067606449
4,838,2191,-658,2.4496296046706943e-08,1.5041139331247058
4,627,-20,681,2.459502872993152e-08,1.5041139329762006
4,787,2762,-1116,2.5322084973174424e-08,1.504113931882625
4,447,1156,-342,2.5421469715378263e-08,1.5041140082067146
4,894,2312,-684,2.5421469715378263e-08,1.5041140082067146
4,743,-291,996,2.544474705470161e-08,1.5041140082417264
4,576,551,223,2.5732062221672097e-08,1.5041139312659726
4,793,1296,-73,2.6627778236515465e-08,1.50411401002114
4,890,-538,1327,2.6895626261639353e-08,1.5041139295158397
5,644,189,652,5.485362191593636e-10,1.725259693582699
5,936,-61,1185,5.545359265610782e-10,1.725259691679613
5,433,1201,-321,5.800179195653534e-10,1.72525969163565
5,866,2402,-642,5.800179195653534e-10,1.72525969163565
5,574,2652,-1175,6.446123625272337e-10,1.7252596937484552
5,785,1640,-202,1.2412897437802278e-09,1.7252596947778787
5,725,951,212,1.5495870838152277e-09,1.7252596899628914
5,996,628,771,1.5851581658412722e-09,1.725259695371141
5,926,3091,-1056,1.7230752444171144e-09,1.7252596956090838
5,947,3164,-1082,2.0897607530864858e-09,1.7252596890309515
5,292,-250,533,2.987338834005431e-09,1.7252596874823962
5,584,-500,1066,2.987338834005431e-09,1.7252596874823962
5,806,1713,-228,3.2260032999190526e-09,1.725259687070638
5,563,-573,1092,3.250382444333215e-09,1.7252596982440853
5,915,-134,1211,3.3393721194760635e-09,1.7252596983976156
5,514,1963,-761,3.3615868800951588e-09,1.7252596868367212
5,352,439,119,3.4817050969870633e-09,1.725259698643177
5,704,878,238,3.4817050969870633e-09,1.725259698643177
5,845,2329,-616,3.6358289918436815e-09,1.7252596989090807
5,493,1890,-735,3.745873177863548e-09,1.7252596990989355
5,986,3780,-1470,3.745873177863548e-09,1.7252596990989355
5,957,12,1159,4.277551476643946e-09,1.7252596852564444
5,887,2475,-668,4.5962417714401554e-09,1.7252596847066208
5,665,262,626,4.844080897710269e-09,1.725259684279034
5,975,555,797,5.285526773537558e-09,1.7252597017552378
5,595,2725,-1201,5.385821258064203e-09,1.7252596833443912
5,905,3018,-1030,5.712860460322265e-09,1.7252597024924994
5,968,3237,-1108,5.7371637991792355e-09,1.725259682738234
5,764,1567,-176,5.954167052354036e-09,1.725259702908816
5,373,512,93,6.297616291563173e-09,1.725259681771308
5,746,1024,186,6.297616291563173e-09,1.725259681771308
5,623,116,678,6.304700443149774e-09,1.725259703513577
5,897,-677,1573,6.90243035045831e-09,1.7252596807278466
5,553,2579,-1149,7.133053378309282e-09,1.725259704942701
5,894,-207,1237,7.416215320188084e-09,1.7252597054312289
5,827,1786,-254,7.46642047841191e-09,1.7252596797548172
5,965,3707,-1444,7.53160823821361e-09,1.7252597056303116
5,978,85,1133,7.840682810438561e-09,1.7252596791091175
5,412,1128,-295,8.06656162020939e-09,1.7252597065532451
5,824,2256,-590,8.06656162020939e-09,1.7252597065532451
5,454,1274,-347,8.426693616192504e-09,1.7252596780980967
5,908,2548,-694,8.426693616192504e-09,1.7252596780980967
5,605,-427,1040,8.79202813855654e-09,1.7252596774677997
5,683,805,264,8.82238884337146e-09,1.7252597078572434
5,954,482,823,9.148804741192374e-09,1.7252597084203956
5,989,3310,-1134,9.229672153332138e-09,1.7252596767127502
5,884,2945,-1004,9.892205773273174e-09,1.7252597097029554
5,686,335,600,9.906537785561398e-09,1.7252596755449812
5,535,2036,-787,9.911078139460569e-09,1.7252596755371479
5,271,-323,559,9.971469170711271e-09,1.7252597098397053
5,542,-646,1118,9.971469170711271e-09,1.7252597098397053
5,918,-604,1547,1.0638399770373698e-08,1.7252596742823292
5,767,1097,160,1.0785649169420736e-08,1.7252596740282857
5,743,1494,-150,1.0933451858943781e-08,1.7252597114993753
5,616,2798,-1227,1.1005088882702835e-08,1.7252596736496952
5,999,158,1107,1.1254012967966374e-08,1.7252596732202365
5,472,1817,-709,1.1485776554132853e-08,1.7252597124522788
5,944,3634,-1418,1.1485776554132853e-08,1.7252597124522788
5,848,1859,-280,1.1496817009332485e-08,1.7252596728013365
5,873,-280,1263,1.1689195425718455e-08,1.7252597128032292
5,929,2621,-720,1.2083970690040355e-08,1.725259671788344
5,602,43,704,1.246245766963037e-08,1.7252597141373074
5,803,2183,-564,1.2729038400719277e-08,1.7252597145972284
5,933,409,849,1.3185992368939405e-08,1.7252597153855926
5,532,2506,-1123,1.4133739957590932e-08,1.7252597170207034
5,939,-531,1521,1.420726517036452e-08,1.7252596681251096
5,313,-177,507,1.420726542776879e-08,1.7252596681251091
5,626,-354,1014,1.420726542776879e-08,1.7252596681251091
5,863,2872,-978,1.427494897936177e-08,1.7252597172643256
5,331,366,145,1.4501907342636376e-08,1.7252597176558877
5,662,732,290,1.4501907342636376e-08,1.7252597176558877
5,993,1098,435,1.4501907342636376e-08,1.7252597176558877
5,707,408,574,1.4668254465308235e-08,1.7252596673297833
5,394,585,67,1.5034472141718875e-08,1.7252596666979627
5,788,1170,134,1.5034472141718875e-08,1.7252596666979627
5,869,1932,-306,1.53324188699949e-08,1.7252596661839272
5,475,1347,-373,1.55795578566536e-08,1.7252596657575483
5,950,2694,-746,1.55795578566536e-08,1.7252596657575483
5,923,3561,-1392,1.5619874315078998e-08,1.725259719584671
5,556,2109,-813,1.5965823721951984e-08,1.7252596650911394
5,852,-353,1289,1.617281549349209e-08,1.7252597205386382
5,722,1421,-124,1.6202390214371916e-08,1.7252597205896623
5,637,2871,-1253,1.625385536649202e-08,1.72525966459421
5,912,336,875,1.7409102842710465e-08,1.725259722671555
5,960,-458,1495,1.76199930019031e-08,1.7252596622372678
5,391,1055,-269,1.7641929637209645e-08,1.7252597230732416
5,782,2110,-538,1.7641929637209645e-08,1.7252597230732416
5,81,762,-440,1.823096224037837e-08,1.7252596611831872
5,972,1025,461,1.8492762330683084e-08,1.725259724541149
5,842,2799,-952,1.8876308719880512e-08,1.725259725202866
5,971,2767,-772,1.892394549830923e-08,1.725259659987611
5,890,2005,-332,1.8987014692275727e-08,1.7252596598788004
5,809,1243,108,1.9062713297993795e-08,1.7252596597482006
5,581,-30,730,1.906535387968633e-08,1.725259725529018
5,728,481,548,1.915525721128165e-08,1.7252596595885383
5,647,-281,988,1.9270972399451843e-08,1.7252596593888996
5,451,1744,-683,1.994646915577908e-08,1.7252597270491707
5,902,3488,-1366,1.994646915577908e-08,1.7252597270491707
5,641,659,316,2.055356265817748e-08,1.7252597280965647
5,831,-426,1315,2.088304436954316e-08,1.7252597286650062
6,605,-237,951,2.0614461722147052e-10,1.8312679302757249
6,854,499,753,2.1347974724566438e-10,1.8312679302891575
6,249,736,-198,2.3130255511831924e-10,1.8312679303217958
6,498,1472,-396,2.3130255511831924e-10,1.8312679303217958
6,996,2944,-792,2.3130255511831924e-10,1.8312679303217958
6,747,2208,-594,2.3130267637015863e-10,1.831267930321796
6,980,2069,-194,1.33766738871378e-09,1.8312679274485915
6,873,3778,-1541,1.5125347302078204e-09,1.8312679271283625
6,838,-376,1351,1.6216940024080186e-09,1.8312679269284626
6,977,-335,1502,1.7739325981231484e-09,1.8312679331467647
6,731,1333,4,1.872104513644739e-09,1.831267926469894
6,870,1374,155,1.9811530829155697e-09,1.831267933526241
6,763,3083,-1192,2.246493333136983e-09,1.83126793401215
6,621,638,353,2.6827841266844638e-09,1.8312679348111154
6,482,597,202,2.9587193626322024e-09,1.831267924480011
6,964,1194,404,2.9587193626322024e-09,1.831267924480011
6,514,2347,-994,3.2227241450945207e-09,1.8312679357998902
6,993,540,904,3.29750597453764e-09,1.8312679359368358
6,857,2903,-943,3.3392465564938126e-09,1.8312679237831637
6,886,2249,-443,3.6849827175741683e-09,1.8312679366464095
6,715,458,602,4.069650176743756e-09,1.831267922445599
6,372,-98,551,4.323695090614499e-09,1.831267937816063
6,744,-196,1102,4.323695090614499e-09,1.831267937816063
6,948,319,1002,4.634490472891948e-09,1.831267921411225
6,608,2167,-745,4.8015273705978664e-09,1.8312679211053358
6,637,1513,-245,5.0350083362627546e-09,1.8312679391186681
6,841,2028,-345,5.235464665942692e-09,1.8312679203106803
6,902,3124,-1041,5.328366006509466e-09,1.8312679396558846
6,265,1611,-796,6.033531420144882e-09,1.8312679409472314
6,967,3598,-1292,6.097468121317004e-09,1.831267918732121
6,760,679,504,6.260684979822787e-09,1.8312679413632105
6,233,-139,400,6.367798733492393e-09,1.8312679182370732
6,466,-278,800,6.367798733492393e-09,1.8312679182370732
6,699,-417,1200,6.367798733492393e-09,1.8312679182370732
6,932,-556,1600,6.367798733492393e-09,1.8312679182370732
6,918,3999,-1639,6.91446350016713e-09,1.831267942560454
6,883,-155,1253,7.144893405797324e-09,1.831267942982433
6,825,1153,253,7.205233049901958e-09,1.8312679167035066
6,653,2388,-843,7.27196290844638e-09,1.8312679432151313
6,592,1292,-147,7.53483131866989e-09,1.831267916099924
6,951,2723,-694,7.820760373724235e-09,1.8312679155763112
6,388,777,-47,8.117799007311296e-09,1.8312679447640838
6,776,1554,-94,8.117799007311296e-09,1.8312679447640838
6,359,1431,-547,8.292264641461421e-09,1.8312679147128605
6,718,2862,-1094,8.292264641461421e-09,1.8312679147128605
6,899,720,655,8.7321826837844e-09,1.831267945889185
6,511,-57,702,9.198681433087687e-09,1.8312679467434692
6,809,278,851,9.252915440819591e-09,1.8312679129536515
6,935,1848,-96,9.603031582094409e-09,1.831267912312495
6,792,2429,-692,9.89987803151603e-09,1.831267948027548
6,915,1595,57,1.0263960323407869e-08,1.8312679486942802
6,576,417,451,1.0419985492815462e-08,1.8312679108164336
6,702,1987,-496,1.0676834112968533e-08,1.831267910346075
6,828,3557,-1443,1.085551118725636e-08,1.8312679100188693
6,793,-597,1449,1.1383228535248055e-08,1.8312679090524775
6,919,973,502,1.1447362391911033e-08,1.8312679089350312
6,404,1652,-645,1.161137987631234e-08,1.8312679511617664
6,808,3304,-1290,1.161137987631234e-08,1.8312679511617664
6,931,2470,-541,1.1743088231832967e-08,1.8312679514029597
6,527,818,104,1.1844056336022842e-08,1.8312679515878594
6,650,-16,853,1.1988673768624647e-08,1.8312679518526926
6,469,2126,-896,1.2817569894259541e-08,1.8312679064258142
6,812,2682,-845,1.2967555145791357e-08,1.831267906151151
6,947,3345,-1139,1.3172235040792936e-08,1.8312679540201104
6,343,556,51,1.317263686938869e-08,1.8312679057755914
6,686,1112,102,1.317263686938869e-08,1.8312679057755914
6,903,98,1100,1.3357051459464846e-08,1.8312679054378789
6,560,-458,1049,1.3470005307978907e-08,1.8312679052310301
6,789,25,1004,1.3795626880170204e-08,1.831267955161708
6,666,859,255,1.4014908891686432e-08,1.831267955563272
6,543,1693,-494,1.4333534353996486e-08,1.8312679561467606
6,963,4220,-1737,1.4553892111831824e-08,1.8312679565502947
6,922,3377,-1194,1.4711683435532044e-08,1.8312679029571848
6,928,66,1155,1.5061272858816528e-08,1.8312679574794448
6,796,1807,-247,1.5164505341107104e-08,1.8312679021279465
6,805,900,406,1.5436075874592148e-08,1.8312679581658096
6,579,2821,-1245,1.5623415665293704e-08,1.8312679012875588
6,670,237,700,1.5787642309117965e-08,1.8312679009868158
6,682,1734,-343,1.594607153874524e-08,1.8312679590997483
6,944,941,557,1.643872115725818e-08,1.8312679600019217
6,453,1251,-298,1.6672697072931478e-08,1.8312678993660434
6,906,2502,-596,1.6672697072931478e-08,1.8312678993660434
6,559,2568,-1092,1.668050181132965e-08,1.8312679604446869
6,997,-82,1349,1.6687288034276904e-08,1.8312678993393234
6,821,1775,-192,1.701258525779782e-08,1.8312679610528206
6,780,932,351,1.7451586636214973e-08,1.831267897939688
6,960,1816,-41,1.7770254294165134e-08,1.8312679624403156
6,698,2609,-941,1.7788699487729404e-08,1.8312679624740937
6,837,2650,-790,1.8528821806662367e-08,1.831267963829456
6,327,-319,649,1.8530599116124217e-08,1.831267895963727
6,654,-638,1298,1.8530599116124217e-08,1.831267895963727
6,890,1627,2,1.87042191399464e-08,1.8312678956457822
6,563,1946,-647,1.880506065721595e-08,1.8312678954611143
6,976,2691,-639,1.9058130827549796e-08,1.8312679647987626
6,1000,2322,-347,1.9681272403130555e-08,1.8312678938565359
6,764,57,949,1.9834462219525737e-08,1.8312678935760043
6,853,3525,-1388,1.9988177420141018e-08,1.8312679665019271
6,673,2641,-996,2.0240366089602466e-08,1.8312678928326855
6,992,3566,-1237,2.0304462843202588e-08,1.8312679670811305
6,679,-670,1353,2.0499656843052787e-08,1.831267967438583
7,123,811,-398,1.3650471043557228e-10,2.0174227819147004
7,246,1622,-796,1.3650471043557228e-10,2.0174227819147004
7,740,3593,-1485,9.798843014852467e-10,2.0174227836161536
7,617,2782,-1087,1.1480135563216047e-09,2.0174227839553414
7,494,1971,-689,1.3998670121819901e-09,2.0174227844634363
7,988,3942,-1378,1.3998670121819901e-09,2.0174227844634363
7,865,3131,-980,1.579512650893446e-09,2.0174227848258575
7,913,299,1091,1.6763308859489793e-09,2.0174227782574445
7,371,1160,-291,1.8187176097554728e-09,2.017422785308435
7,742,2320,-582,1.8187176097554728e-09,2.017422785308435
7,790,-512,1489,1.9585825587340306e-09,2.0174227776880236
7,990,2669,-475,2.027719604335325e-09,2.0174227857300804
7,619,1509,-184,2.152985951287532e-09,2.0174227859827956
7,867,1858,-77,2.2960235906113268e-09,2.017422786271363
7,911,1572,188,2.365383184602203e-09,2.0174227768673347
7,248,349,107,2.6530407360730475e-09,2.0174227869916175
7,496,698,214,2.6530407360730475e-09,2.0174227869916175
7,744,1047,321,2.6530407360730475e-09,2.0174227869916175
7,992,1396,428,2.6530407360730475e-09,2.0174227869916175
7,788,761,586,2.755906299870991e-09,2.0174227760794845
7,869,585,826,3.0092363675981533e-09,2.0174227877102147
7,909,2845,-715,3.0574677325793454e-09,2.0174227754711076
7,621,236,719,3.1514850717802478e-09,2.0174227879971904
7,994,123,1331,3.2758455961576504e-09,2.017422788248078
7,665,-50,984,3.290893697503017e-09,2.0174227750001887
7,373,-113,612,3.482890441645745e-09,2.017422788665775
7,746,-226,1224,3.482890441645745e-09,2.017422788665775
7,786,2034,-317,3.5572876418636905e-09,2.0174227744627595
7,871,-688,1729,3.719173654934169e-09,2.0174227891424583
7,907,4118,-1618,3.7526043413097466e-09,2.017422774068723
7,498,-575,1117,3.896148933097642e-09,2.0174227894994923
7,663,1223,81,4.242561460687871e-09,2.0174227730802725
7,784,3307,-1220,4.362757842745086e-09,2.0174227728377856
7,125,-462,505,5.129312452974746e-09,2.0174227919873045
7,661,2496,-822,5.199988186254748e-09,2.017422771148738
7,540,412,479,5.240015418219427e-09,2.017422771067986
7,944,4228,-1643,5.856551942060987e-09,2.017422793454454
7,957,13,1356,5.931041595615851e-09,2.0174227696738942
7,538,1685,-424,6.420041382702889e-09,2.017422768687375
7,946,2955,-740,6.5041851457749295e-09,2.017422794761004
7,955,1286,453,6.597257259669341e-09,2.0174227683298556
7,821,3417,-1245,6.713514028938885e-09,2.017422795183309
7,417,-399,877,6.825895462502614e-09,2.0174227678685956
7,948,1682,163,7.149085472874973e-09,2.0174227960620406
7,953,2559,-450,7.26626941703761e-09,2.017422766980175
7,823,2144,-342,7.455855330356702e-09,2.017422796680925
7,832,475,851,7.59275318760117e-09,2.0174227663215194
7,950,409,1066,7.79127053352053e-09,2.0174227973575993
7,698,2606,-847,7.872499815209727e-09,2.017422797521473
7,951,3832,-1353,7.938095237626082e-09,2.0174227656248185
7,825,871,561,8.194597555444498e-09,2.0174227981712805
7,415,874,-26,8.363306844906519e-09,2.017422764766987
7,830,1748,-52,8.363306844906519e-09,2.017422764766987
7,700,1333,56,8.741969958064665e-09,2.017422799275562
7,827,-402,1464,8.929766679187401e-09,2.0174227996544274
7,709,-336,1249,8.933654121877812e-09,2.0174227636163553
7,828,3021,-955,9.137582849657784e-09,2.017422763204945
7,575,1795,-449,9.527330457531423e-09,2.017422800859966
7,702,60,959,9.606485482568766e-09,2.0174228010196553
7,707,937,346,9.842057685670892e-09,2.0174227617837213
7,413,2147,-929,9.915608717729045e-09,2.0174227616353377
7,999,1000,718,1.0456353536854145e-08,2.017422760544427
7,577,522,454,1.0576410578525007e-08,2.0174228029764043
7,450,2257,-954,1.0749002027629616e-08,2.0174228033245942
7,705,2210,-557,1.075561530287016e-08,2.0174227599406893
7,997,2273,-185,1.1103581927028582e-08,2.0174227592386935
7,902,3241,-1005,1.1417378678370068e-08,2.0174228046729925
7,703,3483,-1460,1.1674370998874148e-08,2.0174227580871706
7,995,3546,-1088,1.1753412218256283e-08,2.017422757927711
7,292,63,372,1.1943706940491748e-08,2.017422757543806
7,584,126,744,1.1943706940491748e-08,2.017422757543806
7,876,189,1116,1.1943706940491748e-08,2.017422757543806
7,452,984,-51,1.20827981430911e-08,2.017422806015425
7,904,1968,-102,1.20827981430911e-08,2.017422806015425
7,777,3703,-1510,1.2428972493275268e-08,2.017422806713805
7,874,1462,213,1.2685424842266347e-08,2.0174227560474476
7,906,695,801,1.2745279792968064e-08,2.0174228073519305
7,582,1399,-159,1.3057558108314168e-08,2.0174227552966975
7,779,2430,-607,1.3198569258543517e-08,2.017422808266407
7,454,-289,852,1.3404843219303308e-08,2.0174228086825488
7,908,-578,1704,1.3404843219303308e-08,2.0174228086825488
7,872,2735,-690,1.3430545026839531e-08,2.017422754544225
7,753,-622,1514,1.3916968667731444e-08,2.017422753562903
7,781,1157,296,1.3964224650008153e-08,2.0174228098110576
7,290,1336,-531,1.4179091047799512e-08,2.0174227530340914
7,580,2672,-1062,1.4179091047799512e-08,2.0174227530340914
7,870,4008,-1593,1.4179091047799512e-08,2.0174227530340914
7,783,-116,1199,1.4725968604940176e-08,2.017422811347817
7,327,1446,-556,1.474085843497782e-08,2.0174228113778563
7,654,2892,-1112,1.474085843497782e-08,2.0174228113778563
7,981,4338,-1668,1.4740858655104811e-08,2.0174228113778567
7,751,651,611,1.4785421383626299e-08,2.0174227518108667
7,461,-685,1142,1.5166843788637463e-08,2.0174227510413765
7,983,3065,-765,1.5346038827394938e-08,2.017422812598761
7,656,1619,-209,1.564770658144075e-08,2.0174228132073524
7,749,1924,-292,1.565851195512955e-08,2.017422750049474
7,920,-97,1381,1.5878482437499763e-08,2.0174227496057004
7,985,1792,138,1.594876172206598e-08,2.017422813814708
7,747,3197,-1195,1.653627736357596e-08,2.01742274827865
7,987,519,1041,1.654904164737246e-08,2.0174228150257263
8,847,3819,-1447,1.1145109290535324e-11,2.0928370427935437
8,621,1195,74,4.2552278934337545e-11,2.0928370428592737
8,840,307,1026,5.302600376862981e-10,2.092837041660471
8,797,654,717,6.796468987073973e-10,2.092837044192609
8,973,113,1360,1.0862610063517152e-09,2.092837045043586
8,445,1736,-569,1.0984910678308632e-09,2.092837040471256
8,890,3472,-1138,1.0984910678308632e-09,2.092837040471256
8,402,2083,-878,1.2394737402381943e-09,2.0928370453642353
8,664,848,383,1.4467950959387369e-09,2.0928370397423124
8,980,3625,-1113,1.5426430782763076e-09,2.0928370459987193
8,883,-40,1335,1.6223275434882772e-09,2.0928370393749516
8,578,1542,-235,1.7534981145551737e-09,2.0928370464400046
8,754,1001,408,2.027553684720368e-09,2.092837047013558
8,933,3125,-829,2.105845727428587e-09,2.092837038363027
8,930,460,1051,2.1978805685908454e-09,2.0928370473700246
8,926,-387,1644,2.6129722842616558e-09,2.0928370373016936
8,937,3972,-1422,2.6669020258302666e-09,2.09283704835161
8,707,501,692,2.7549770991865984e-09,2.0928370370045006
8,176,-541,643,2.9275768019290164e-09,2.09283704889716
8,488,1389,-260,3.024437378016648e-09,2.092837036440564
8,976,2778,-520,3.024437378016648e-09,2.092837036440564
8,757,3666,-1472,3.2760996029112222e-09,2.092837035913876
8,887,807,742,3.417278343345598e-09,2.0928370499220255
8,711,1348,99,3.5384984620399894e-09,2.0928370501757194
8,535,1889,-544,3.73947434341073e-09,2.092837050596329
8,894,4319,-1731,3.899311163444662e-09,2.0928370509308416
8,750,154,1001,3.913154330055403e-09,2.0928370345806244
8,800,3319,-1163,4.333880667360562e-09,2.0928370337001128
8,531,1042,49,4.63846025226852e-09,2.0928370330626773
8,844,1154,433,4.760927652199889e-09,2.0928370527340645
8,793,-193,1310,4.945728557923968e-09,2.092837032419615
8,668,1695,-210,5.243965851424643e-09,2.0928370537449847
8,843,2972,-854,5.283750048743401e-09,2.092837031712191
8,977,960,767,5.650535610348558e-09,2.092837054595869
8,836,-540,1619,5.8720810223877034e-09,2.09283703048091
8,574,695,358,6.010660800489568e-09,2.092837030190885
8,492,2236,-853,6.072592833655472e-09,2.092837055479166
8,984,4472,-1706,6.072592833655472e-09,2.092837055479166
8,886,2625,-545,6.1414201379672734e-09,2.092837029917227
8,801,1501,124,6.248838680238479e-09,2.09283705584802
8,312,1930,-903,6.381983936434894e-09,2.0928370294137664
8,929,2278,-236,6.9196934981747085e-09,2.092837028288428
8,934,1307,458,6.967526882149178e-09,2.092837057352117
8,625,2042,-519,7.184105874087702e-09,2.0928370578053817
8,617,348,667,7.191598473692614e-09,2.092837027719375
8,972,1931,73,7.629107300455505e-09,2.0928370268037404
8,758,1848,-185,7.905562794198482e-09,2.0928370593152734
8,660,1,976,8.218656272449627e-09,2.0928370255699105
8,355,1583,-594,8.389509611704409e-09,2.0928370252123423
8,710,3166,-1188,8.389509611704409e-09,2.0928370252123423
8,891,1654,149,8.411635379288771e-09,2.092837060374401
8,449,2583,-1162,8.852589613578848e-09,2.0928370612972462
8,703,-346,1285,9.120071175577523e-09,2.092837023683396
8,753,2819,-879,9.22131315060716e-09,2.092837023471513
8,582,2389,-828,9.410933213216744e-09,2.0928370624657684
8,715,2195,-494,9.761557379644643e-09,2.0928370631995676
8,746,-693,1594,9.917569812177035e-09,2.0928370220143613
8,398,1236,-285,9.963248357607526e-09,2.0928370219187635
8,796,2472,-570,9.963248357607526e-09,2.0928370219187635
8,848,2001,-160,1.0002198204837175e-08,2.0928370637031897
8,981,1807,174,1.0177588694042458e-08,2.0928370640702534
8,839,2125,-261,1.0629132935936114e-08,2.0928370205251756
8,441,889,24,1.1230090138815507e-08,2.09283701926747
8,882,1778,48,1.1230090138815507e-08,2.09283701926747
8,133,-194,334,1.1295867991161231e-08,2.0928370664106297
8,266,-388,668,1.1295867991161231e-08,2.0928370664106297
8,399,-582,1002,1.1295867991161231e-08,2.0928370664106297
8,938,2154,-135,1.1696494172771818e-08,2.092837067249075
8,975,4596,-1807,1.1717205449589646e-08,2.092837018248017
8,805,2348,-469,1.1762684319680906e-08,2.0928370673876002
8,925,1431,357,1.1775174532027105e-08,2.0928370181266973
8,672,2542,-803,1.1855075223775394e-08,2.0928370675809593
8,539,2736,-1137,1.1993061492925263e-08,2.092837067869742
8,484,542,333,1.227183203231224e-08,2.092837017087274
8,968,1084,666,1.227183203231224e-08,2.092837017087274
8,527,195,642,1.314357424637324e-08,2.0928370152628597
8,895,2501,-444,1.336135001717814e-08,2.092837070733347
8,620,3013,-1213,1.3622579470574177e-08,2.09283701426038
8,622,-623,1361,1.3663744631875625e-08,2.0928370713662097
8,762,2695,-778,1.3721860765333369e-08,2.0928370714878373
8,570,-152,951,1.3883790250824782e-08,2.0928370137137082
8,663,2666,-904,1.4227897701691467e-08,2.0928370129935474
8,629,2889,-1112,1.4234828833764389e-08,2.092837072561396
8,489,-429,1027,1.4307768473968096e-08,2.0928370727140466
8,613,-499,1260,1.4520158952069142e-08,2.0928370123818922
8,985,2654,-419,1.4667873929989501e-08,2.0928370734676887
8,706,2319,-595,1.4759480349780978e-08,2.0928370118810316
8,845,-664,1720,1.4781830831695037e-08,2.092837073706182
8,852,2848,-753,1.5194255046101805e-08,2.0928370745693186
8,749,1972,-286,1.5230026639100854e-08,2.092837010896255
8,356,-235,693,1.543300075922774e-08,2.0928370750689744
8,712,-470,1386,1.543300075922774e-08,2.0928370750689744
8,792,1625,23,1.564947832203539e-08,2.092837010018411
8,719,3042,-1087,1.591537521301029e-08,2.0928370760785056
8,935,-511,1745,1.6021491303387557e-08,2.0928370763005892
8,835,1278,332,1.6025729046426634e-08,2.0928370092309794
8,928,4096,-1523,1.605691765539094e-08,2.0928370091657067
8,971,3749,-1214,1.636242686586868e-08,2.0928370085263257
8,878,931,641,1.6365126196357892e-08,2.0928370085206764
8,579,-276,1052,1.6383326783894347e-08,2.092837077057852
9,948,-77,1747,3.675915748521111e-11,2.5249273137824866
9,808,1449,418,2.64339180355101e-10,2.5249273132078636
9,867,4944,-1948,2.8900979362184197e-10,2.524927313145572
9,609,-520,1455,5.834793155995895e-10,2.524927312402058
9,668,2975,-911,5.87311959778558e-10,2.5249273123923808
9,737,4381,-1782,8.195340356894059e-10,2.5249273159445647
9,538,2412,-745,8.591894417036003e-10,2.5249273160446917
9,877,2855,-453,8.925143276896356e-10,2.5249273161288346
9,339,443,292,9.454015107782175e-10,2.524927316262371
9,678,886,584,9.454015107782175e-10,2.524927316262371
9,818,-640,1913,1.0021033980840288e-09,2.524927316405539
9,997,5507,-2114,1.1084652100671563e-09,2.5249273110765067
9,469,1006,126,1.1387573631094097e-09,2.524927311000021
9,938,2012,252,1.1387573631094097e-09,2.524927311000021
9,798,3538,-1077,1.5625221240419647e-09,2.524927309930046
9,739,43,1289,1.63722219002145e-09,2.5249273097414338
9,946,4261,-1324,1.8806090780031866e-09,2.524927318623702
9,887,766,1042,2.047397605818682e-09,2.524927319044831
9,747,2292,-287,2.191838569530661e-09,2.524927319409534
9,928,4101,-1243,2.264505439846391e-09,2.524927308157589
9,599,1569,-40,2.3182729122340296e-09,2.52492730802183
9,869,606,1123,2.375691166835556e-09,2.5249273078768533
9,548,323,750,2.729107006038248e-09,2.5249273207660976
9,999,1169,957,2.921965640018105e-09,2.52492730649755
9,956,2172,171,2.9418021371240935e-09,2.5249273213031374
9,729,2132,-206,3.0771109567830045e-09,2.5249273061058193
9,408,1849,-579,3.227481077849726e-09,2.524927322024456
9,816,3698,-1158,3.227481077849726e-09,2.524927322024456
9,757,203,1208,3.5278864406973742e-09,2.5249273227829576
9,859,2695,-372,3.6062656058891794e-09,2.5249273047697423
9,400,-400,997,3.825995840206385e-09,2.5249273042149394
9,966,83,1666,3.981024371338003e-09,2.524927323927098
9,989,3258,-538,3.996309922267552e-09,2.5249273037849087
9,617,1729,-121,4.038689916000364e-09,2.5249273240726993
9,885,5104,-2029,4.101633502935528e-09,2.5249273242316272
9,589,3658,-1535,4.111973076766423e-09,2.5249273034928676
9,930,-237,1828,4.210069842847201e-09,2.5249273032451804
9,826,1609,337,4.4393838861365506e-09,2.5249273250844224
9,530,163,831,4.499936885229003e-09,2.5249273025132872
9,719,4221,-1701,4.557052095182723e-09,2.5249273023690755
9,849,4784,-1867,4.86582891252931e-09,2.5249273015894365
9,660,726,665,4.908386195295778e-09,2.5249273014819824
9,686,3135,-992,5.084829060756529e-09,2.5249273267141246
9,979,5347,-2033,5.092601813002922e-09,2.5249273010168514
9,790,1289,499,5.18240926146841e-09,2.524927300790094
9,895,3015,-534,5.21033773661056e-09,2.524927327031025
9,920,1852,333,5.378990965155046e-09,2.5249273002937396
9,209,-120,458,5.622293957433356e-09,2.5249273280711844
9,418,-240,916,5.622293957433356e-09,2.5249273280711844
9,836,-480,1832,5.622293957433356e-09,2.5249273280711844
9,627,-360,1374,5.622294133315334e-09,2.524927328071185
9,964,4421,-1405,5.870926877167931e-09,2.5249273286989644
9,905,926,961,6.294540379599549e-09,2.5249273297685577
9,696,1046,503,6.496407336720079e-09,2.524927330278257
9,130,563,-166,6.57360246443711e-09,2.5249272972774324
9,260,1126,-332,6.57360246443711e-09,2.5249272972774324
9,390,1689,-498,6.57360246443711e-09,2.5249272972774324
9,520,2252,-664,6.57360246443711e-09,2.5249272972774324
9,650,2815,-830,6.57360246443711e-09,2.5249272972774324
9,780,3378,-996,6.57360246443711e-09,2.5249272972774324
9,910,3941,-1162,6.57360246443711e-09,2.5249272972774324
9,487,1166,45,6.871540203135755e-09,2.5249273312254403
9,974,2332,90,6.871540203135755e-09,2.5249273312254403
9,981,1009,1038,6.931254948721853e-09,2.524927296374386
9,851,446,1204,6.985890398670099e-09,2.5249272962364353
9,721,-117,1370,7.0602279718932696e-09,2.5249272960487383
9,591,-680,1536,7.16726904007479e-09,2.5249272957784674
9,765,2452,-368,7.212837246419789e-09,2.5249273320871906
9,834,3858,-1239,7.810721296003937e-09,2.5249273335968043
9,278,1286,-413,7.810721471885915e-09,2.5249273335968048
9,556,2572,-826,7.810721471885915e-09,2.5249273335968048
9,984,243,1585,7.851815768360764e-09,2.524927333700565
9,971,3098,-457,8.066804928083493e-09,2.5249272935072047
9,841,2535,-291,8.29762100346354e-09,2.524927292924411
9,903,5264,-2110,8.317234658103613e-09,2.5249273348757137
9,775,363,1127,8.45306743017449e-09,2.5249273352186816
9,912,-397,1909,8.548116337461393e-09,2.5249272922919284
9,711,1972,-125,8.612842488241899e-09,2.5249272921284995
9,844,1769,256,8.942474511110085e-09,2.524927336454399
9,581,1409,41,9.069126947465969e-09,2.5249272909764144
9,961,5187,-1952,9.225987817042654e-09,2.524927290580352
9,913,3175,-615,9.357907390988715e-09,2.5249273375033368
9,566,483,669,9.498353019692229e-09,2.5249273378579518
9,831,4624,-1786,9.640921895632149e-09,2.5249272895326738
9,982,4581,-1486,9.714959765965091e-09,2.524927338404868
9,451,846,207,9.788457502744107e-09,2.524927289160157
9,902,1692,414,9.788457502744107e-09,2.524927289160157
9,635,1889,-202,1.0035258084033612e-08,2.524927339213598
9,854,-320,1751,1.0047722488038713e-08,2.5249273392450697
9,701,4061,-1620,1.0209754287763702e-08,2.5249272880964133
9,772,1129,580,1.0329819240521812e-08,2.524927287793258
9,923,1086,880,1.0376030471377769e-08,2.5249273400740235
9,704,3295,-1073,1.04669174834232e-08,2.5249273403035066
9,992,2492,9,1.0658666478004904e-08,2.524927340787659
9,571,3498,-1454,1.1037599626315629e-08,2.524927286006164
9,892,3781,-1081,1.1056609126361845e-08,2.5249272859581664
9,321,283,373,1.1090423843656146e-08,2.5249272858727867
9,642,566,746,1.1090423843656146e-08,2.5249272858727867
9,963,849,1119,1.1090424019538123e-08,2.5249272858727863
9,645,-200,1293,1.148169863035144e-08,2.5249273428657553
10,391,749,377,1.0789875376630055e-10,3.279177782646181
10,782,1498,754,1.0789875376630055e-10,3.279177782646181
10,995,6548,-2323,1.6007796433152718e-10,3.2791777835249243
10,745,3877,-1014,2.379540418791622e-10,3.2791777822197066
10,641,3420,-932,4.5922781101362075e-10,3.27917778450589
10,923,-424,2440,5.017536495868103e-10,3.2791777813546608
10,678,1041,836,5.711857182530393e-10,3.2791777848730197
10,886,1955,672,6.275592384374546e-10,3.279177780942122
10,891,6091,-2241,7.081014673354807e-10,3.279177785321991
10,849,4334,-1096,7.643302160568203e-10,3.2791777804936255
10,928,3712,-473,7.799755556669839e-10,3.2791777855576787
10,965,1333,1295,8.463381713766114e-10,3.2791777857752935
10,495,1206,295,1.0380386110786388e-09,3.279177779596087
10,990,2412,590,1.0380386110786388e-09,3.279177779596087
10,953,4791,-1178,1.1758208221075322e-09,3.2791777791442747
10,458,3585,-1473,1.3247339136992337e-09,3.279177778655962
10,787,5634,-2159,1.40096455319601e-09,3.279177787594012
10,537,2963,-850,1.4264538105873102e-09,3.279177787677596
10,824,3255,-391,1.450798574401013e-09,3.2791777877574266
10,287,292,459,1.4963495813017812e-09,3.2791777879067965
10,574,584,918,1.4963495813017812e-09,3.2791777879067965
10,861,876,1377,1.4963495813017812e-09,3.2791777879067965
10,599,1663,213,1.6451918445724457e-09,3.2791777776051236
10,740,-259,1899,1.8435292906939364e-09,3.27917777695474
10,562,4042,-1555,1.918805711548215e-09,3.279177776707895
10,970,5469,-1618,2.0656207680548216e-09,3.279177789773538
10,703,2120,131,2.072703600158517e-09,3.2791777762032366
10,844,198,1817,2.175180533976989e-09,3.2791777758671965
10,683,5177,-2077,2.3048314370676393e-09,3.279177790557952
10,720,2798,-309,2.315415057123162e-09,3.279177790592658
10,757,419,1459,2.3249640148981443e-09,3.2791777906239705
10,666,4499,-1637,2.327341706738385e-09,3.279177775368233
10,807,2577,49,2.3900265314070933e-09,3.2791777751626783
10,948,655,1735,2.434064547863072e-09,3.27917777501827
10,770,4956,-1719,2.6255198646949717e-09,3.2791777743904538
10,911,3034,-33,2.634898049022865e-09,3.279177774359701
10,470,127,1000,2.830947726832162e-09,3.279177792283181
10,940,254,2000,2.830947726832162e-09,3.279177792283181
10,903,2633,232,2.8440662694750073e-09,3.279177792326199
10,874,5413,-1801,2.852735764311531e-09,3.2791777736453724
10,433,2506,-768,2.858305876824437e-09,3.2791777923728933
10,866,5012,-1536,2.858305876824437e-09,3.2791777923728933
10,978,5870,-1883,3.031627653773875e-09,3.279177773058754
10,653,-38,1541,3.4175168688772284e-09,3.2791777942066456
10,616,2341,-227,3.4719797849446467e-09,3.279177794385239
10,836,-203,2082,3.747286624848299e-09,3.2791777952880192
10,799,2176,314,3.804546514748176e-09,3.2791777954757846
10,762,4555,-1454,3.867367037270956e-09,3.2791777956817842
10,453,-551,1440,3.959523214841042e-09,3.2791777700160196
10,982,2011,855,4.013162599321031e-09,3.279177796159874
10,557,-94,1358,4.066974382372109e-09,3.279177769663668
10,945,4390,-913,4.0719859939367244e-09,3.279177796352766
10,661,363,1276,4.140613490795533e-09,3.2791777694221924
10,765,820,1194,4.19423012353951e-09,3.279177769246374
10,869,1277,1112,4.2350138291837904e-09,3.279177769112637
10,973,1734,1030,4.267078744563521e-09,3.2791777690074904
10,936,4113,-738,4.535006979795324e-09,3.279177768128906
10,104,457,-82,4.535007115222324e-09,3.2791777681289056
10,208,914,-164,4.535007115222324e-09,3.2791777681289056
10,312,1371,-246,4.535007115222324e-09,3.2791777681289056
10,416,1828,-328,4.535007115222324e-09,3.2791777681289056
10,520,2285,-410,4.535007115222324e-09,3.2791777681289056
10,624,2742,-492,4.535007115222324e-09,3.2791777681289056
10,728,3199,-574,4.535007115222324e-09,3.2791777681289056
10,832,3656,-656,4.535007115222324e-09,3.2791777681289056
10,899,6492,-2506,4.824989637415634e-09,3.2791777671780014
10,183,-165,541,4.9240058696743e-09,3.279177799146691
10,366,-330,1082,4.9240058696743e-09,3.279177799146691
10,549,-495,1623,4.9240058696743e-09,3.279177799146691
10,732,-660,2164,4.9240058696743e-09,3.279177799146691
10,878,1554,937,5.025702066837364e-09,3.2791777994801707
10,695,1719,396,5.052479641280336e-09,3.279177799567979
10,512,1884,-145,5.098399009621297e-09,3.279177799718557
10,841,3933,-831,5.1363466030300975e-09,3.279177799842994
10,329,2049,-686,5.195401848669912e-09,3.2791778000366465
10,658,4098,-1372,5.195401848669912e-09,3.2791778000366465
10,987,6147,-2058,5.195401848669912e-09,3.2791778000366465
10,931,-23,2175,5.834266939354266e-09,3.2791777638684017
10,827,-480,2257,5.997656364691521e-09,3.2791777633326187
10,998,2813,325,6.0082588091000535e-09,3.2791777632978514
10,957,932,1560,6.045245818797353e-09,3.279177802823436
10,894,2356,407,6.1796437090944806e-09,3.27917776273585
10,920,3311,-208,6.187392706611524e-09,3.279177803289561
10,774,1097,1019,6.310345254851679e-09,3.279177803692744
10,961,5192,-1443,6.3362550130781985e-09,3.2791777622222935
10,883,5690,-1976,6.34145229505991e-09,3.2791778037947497
10,790,1899,489,6.3961528855124525e-09,3.2791777620258777
10,737,3476,-749,6.501096622137211e-09,3.279177804318252
10,857,4735,-1361,6.554842993947256e-09,3.2791777615055047
10,686,1442,571,6.678309081371679e-09,3.2791777611006374
10,591,1262,478,6.73961783229267e-09,3.2791778051004052
10,753,4278,-1279,6.833810967370819e-09,3.279177760590719
10,554,3641,-1290,7.02204908038904e-09,3.2791778060265475
10,582,985,653,7.061304627764523e-09,3.279177759844727
10,999,2689,415,7.072207313832211e-09,3.2791778061910253
10,649,3821,-1197,7.202186491971034e-09,3.2791777593827502
10,962,5068,-1353,7.247646762781754e-09,3.2791778067663224
10,853,475,1642,7.335218059264448e-09,3.2791778070534843
10,408,1427,-63,7.553973157051592e-09,3.279177807770821
10,816,2854,-126,7.553973157051592e-09,3.279177807770821
11,647,1765,514,1.681864504290002e-11,3.8514772350228297
11,765,1436,1068,4.3594102290247645e-11,3.8514772347901514
11,883,1107,1622,8.786042459777239e-11,3.8514772346196606
11,529,2094,-40,1.0418314883547364e-10,3.851477235359312
11,940,4517,-634,1.643160543192334e-10,3.8514772355909126
11,411,2423,-594,2.417132532793024e-10,3.851477235889006
11,822,4846,-1188,2.417132532793024e-10,3.851477235889006
11,704,5175,-1742,3.450560694413772e-10,3.8514772362870286
11,118,-329,554,3.748408354761888e-10,3.851477233514362
11,236,-658,1108,3.748408354761888e-10,3.851477233514362
11,997,7927,-2890,3.876578689068072e-10,3.8514772364511085
11,293,2752,-1148,4.900182983540962e-10,3.8514772368453474
11,976,7098,-2361,5.538479527184599e-10,3.8514772328249203
11,919,3688,-105,8.40689192145615e-10,3.8514772317201578
11,801,4017,-659,9.093160529969108e-10,3.851477231455843
11,904,1936,1093,9.396788360036967e-10,3.8514772385772047
11,683,4346,-1213,1.001655907346175e-09,3.851477231100198
11,980,-51,2705,1.070267778728818e-09,3.851477230835941
11,961,5346,-1163,1.125397891397892e-09,3.8514772392924974
11,565,4675,-1767,1.1325657400040722e-09,3.851477230596002
11,786,2265,539,1.1370239538922401e-09,3.851477239337275
11,862,278,2151,1.1654654329285478e-09,3.8514772304692895
11,744,607,1597,1.290860063551042e-09,3.851477229986335
11,843,5675,-1717,1.3353957350798977e-09,3.8514772401012993
11,668,2594,-15,1.4040900485401311e-09,3.851477240365874
11,626,936,1043,1.4635283651072397e-09,3.851477229321307
11,493,-487,1687,1.5215527135659658e-09,3.8514772408182787
11,955,6269,-1832,1.5367601060322911e-09,3.8514772290392565
11,725,6004,-2271,1.6137515516062884e-09,3.8514772411733804
11,837,6598,-2386,1.7005672102389582e-09,3.851477228408357
11,508,1265,489,1.7164124622482642e-09,3.8514772283473295
11,868,-645,2820,1.7793575073549006e-09,3.851477241811208
11,550,2923,-569,1.7857515534677796e-09,3.8514772418358345
11,898,2859,424,1.892698990930046e-09,3.851477227668366
11,925,2765,564,1.9205622223871694e-09,3.8514772423550547
11,982,6175,-1692,2.0453745698043034e-09,3.8514772428357666
11,375,-158,1133,2.118284728974949e-09,3.8514772431165785
11,750,-316,2266,2.118284728974949e-09,3.8514772431165785
11,390,1594,-65,2.1223238142588626e-09,3.851477226783971
11,780,3188,-130,2.1223238142588626e-09,3.851477226783971
11,807,3094,10,2.25619741078024e-09,3.851477243647746
11,841,-551,2680,2.2968865540455684e-09,3.851477226111647
11,432,3252,-1123,2.3759133388554107e-09,3.851477244108829
11,864,6504,-2246,2.3759133388554107e-09,3.851477244108829
11,662,3517,-684,2.4338086625801175e-09,3.8514772255842944
11,934,5440,-1303,2.563871936169944e-09,3.8514772250833587
11,632,13,1712,2.583773223093102e-09,3.851477244909397
11,723,-222,2126,2.6105814265642762e-09,3.851477224903458
11,995,1701,1507,2.6843471384841835e-09,3.851477224619351
11,689,3423,-544,2.7067961738639032e-09,3.851477245383217
11,889,184,2291,2.7801267299784583e-09,3.851477245665648
11,946,3594,35,2.8578969361007726e-09,3.851477245965178
11,272,1923,-619,2.8804229942886467e-09,3.8514772238641695
11,544,3846,-1238,2.8804229942886467e-09,3.8514772238641695
11,816,5769,-1857,2.8804229942886467e-09,3.8514772238641695
11,877,2030,953,2.9950902387143327e-09,3.851477223422531
11,605,107,1572,3.0466431723412102e-09,3.8514772232239762
11,970,8021,-3030,3.185225768091678e-09,3.8514772226902285
11,257,171,579,3.262988133568851e-09,3.8514772475253776
11,514,342,1158,3.262988133568851e-09,3.8514772475253776
11,771,513,1737,3.262988133568851e-09,3.8514772475253776
11,828,3923,-519,3.3186010224321514e-09,3.8514772477395693
11,571,3752,-1098,3.343631705528309e-09,3.8514772478359744
11,885,7333,-2775,3.367050328922657e-09,3.8514772479261707
11,759,2359,399,3.4024545314518113e-09,3.851477221853577
11,913,4611,-774,3.6382331081806412e-09,3.851477220945481
11,487,436,1018,3.6940203360947346e-09,3.851477220730618
11,974,872,2036,3.6940203360947346e-09,3.851477220730618
11,910,1013,1762,3.734706712073542e-09,3.851477249342191
11,967,4423,-494,3.754520022346069e-09,3.8514772494185014
11,653,842,1183,3.920360044412875e-09,3.8514772500572305
11,710,4252,-1073,3.932440749021824e-09,3.851477250103759
11,641,2688,-155,3.9597999884213974e-09,3.8514772197069735
11,795,4940,-1328,4.122610754177071e-09,3.8514772190799116
11,856,1201,1482,4.151570753525162e-09,3.851477218968373
11,949,7192,-2501,4.232580990948589e-09,3.8514772186563637
11,453,4081,-1652,4.3122404466391856e-09,3.851477251566549
11,849,4752,-1048,4.32844775196826e-09,3.851477251628971
11,396,671,604,4.34698776453053e-09,3.8514772517003775
11,792,1342,1208,4.34698776453053e-09,3.8514772517003775
11,988,5252,-1023,4.6130276570937275e-09,3.851477252725024
11,931,1842,1233,4.646222873157874e-09,3.8514772528528747
11,953,43,2565,4.748191155044484e-09,3.851477216670503
11,369,765,464,4.7554381019237095e-09,3.8514772166425915
11,738,1530,928,4.7554381019237095e-09,3.8514772166425915
11,892,3782,-245,4.763180623697318e-09,3.8514772166127713
11,523,3017,-709,4.768643477896041e-09,3.8514772165917313
11,677,5269,-1882,4.775840959528712e-09,3.8514772165640103
11,592,4581,-1627,4.7909867798699556e-09,3.8514772534104296
11,535,1171,629,4.867712796545193e-09,3.851477253705938
11,731,5081,-1602,5.0876652616631505e-09,3.85147725455308
11,674,1671,654,5.173658113770385e-09,3.8514772548842795
11,989,2624,838,5.278097928430637e-09,3.851477214629579
11,870,5581,-1577,5.289543194872311e-09,3.8514772553306083
11,928,6363,-1972,5.327338217651592e-09,3.851477214439931
11,835,372,2011,5.3662215911586744e-09,3.8514772142901728
11,813,2171,679,5.374987432426852e-09,3.851477255659695
11,774,4111,-799,5.432203963828795e-09,3.851477214036043
11,952,2671,704,5.517525057133172e-09,3.851477256208675
11,620,1859,374,5.589164685880082e-09,3.8514772134315125
12,378,2957,-869,6.283714020825797e-12,4.571556651581429
12,756,5914,-1738,6.283714020825797e-12,4.571556651581429
12,707,6407,-2245,5.425582849982478e-11,4.571556651304669
12,805,5421,-1231,5.945330299152721e-11,4.571556651824497
12,427,2464,-362,1.0652141594503683e-10,4.571556652039671
12,854,4928,-724,1.0652141594503683e-10,4.571556652039671
12,329,3450,-1376,1.238116836778814e-10,4.5715566509866905
12,903,4435,-217,1.484812305728014e-10,4.571556652231493
12,476,1971,145,1.861217325174197e-10,4.571556652403569
12,952,3942,290,1.861217325174197e-10,4.571556652403569
12,525,1478,652,2.508634347188804e-10,4.571556652699539
12,574,985,1159,3.04551760864105e-10,4.571556652944978
12,623,492,1666,3.4979457952748514e-10,4.571556653151808
12,672,-1,2173,3.8843952761153607e-10,4.571556653328476
12,721,-494,2680,4.218316303818849e-10,4.57155665348113
12,832,-548,3077,7.019351333554826e-10,4.571556648343766
12,783,-55,2570,8.009187347322977e-10,4.571556647891257
12,965,4874,-327,8.260947789358252e-10,4.5715566477761636
12,974,9418,-3511,8.74914941267556e-10,4.571556655552426
12,49,-493,507,8.79782327946706e-10,4.571556655574677
12,734,438,2063,9.131180884771253e-10,4.571556647378332
12,916,5367,-834,9.173480307107282e-10,4.571556647358994
12,867,5860,-1341,1.0189159923480332e-09,4.5715566468946705
12,685,931,1556,1.0413693463778645e-09,4.571556646792024
12,818,6353,-1848,1.1326521292578341e-09,4.571556646374719
12,636,1424,1049,1.1893825477920792e-09,4.571556646115373
12,988,2517,1414,1.2091767423808246e-09,4.571556657080523
12,939,3010,907,1.2263655940817961e-09,4.571556657159102
12,890,3503,400,1.2454471564772266e-09,4.571556657246335
12,769,6846,-2355,1.2608827930984611e-09,4.5715566457885055
12,841,3996,-107,1.2667522945140121e-09,4.5715566573437325
12,792,4489,-614,1.290693472245154e-09,4.571556657453181
12,743,4982,-1121,1.3177925353825508e-09,4.571556657577066
12,694,5475,-1628,1.3487185965962616e-09,4.571556657718446
12,587,1917,542,1.3621068727886102e-09,4.571556645325754
12,645,5968,-2135,1.384343017769334e-09,4.571556657881305
12,943,-602,3474,1.5611461323695882e-09,4.571556644415835
12,538,2410,35,1.566293675979698e-09,4.571556644392302
12,894,-109,2967,1.6949329182016068e-09,4.571556643804221
12,489,2903,-472,1.811401653747988e-09,4.571556643271777
12,978,5806,-944,1.811401653747988e-09,4.571556643271777
12,845,384,2460,1.8442359683430349e-09,4.571556643121673
12,961,8486,-2894,1.9006625273488326e-09,4.571556660241689
12,929,6299,-1451,1.9533477673397262e-09,4.571556642622863
12,610,-440,2283,1.954576028170189e-09,4.571556660488158
12,912,8979,-3401,1.9555124750545347e-09,4.571556660492439
12,796,877,1953,2.011920577119666e-09,4.571556642355094
12,561,53,1776,2.0484528854899468e-09,4.571556660917321
12,440,3396,-979,2.111101764903406e-09,4.571556641901681
12,880,6792,-1958,2.111101764903406e-09,4.571556641901681
12,512,546,1269,2.1602982545411487e-09,4.5715566614286285
12,747,1370,1446,2.2016039163349732e-09,4.571556641487946
12,975,1585,2031,2.2246523609886115e-09,4.571556661722827
12,831,7285,-2465,2.2874595815246313e-09,4.571556641095452
12,463,1039,762,2.295817078542034e-09,4.5715566620481605
12,926,2078,1524,2.295817078542034e-09,4.5715566620481605
12,877,2571,1017,2.374934211836125e-09,4.571556662409849
12,698,1863,939,2.4179188723798482e-09,4.5715566404990495
12,414,1532,255,2.463415425406497e-09,4.571556662814346
12,828,3064,510,2.463415425406497e-09,4.571556662814346
12,391,3889,-1486,2.4859185160343353e-09,4.571556640188185
12,782,7778,-2972,2.4859185160343353e-09,4.571556640188185
12,956,330,2857,2.5591319540017458e-09,4.571556639853486
12,779,3557,3,2.5630277284674908e-09,4.571556663269729
12,649,2356,432,2.666897950598466e-09,4.571556639360828
12,365,2025,-252,2.676012765033956e-09,4.571556663786247
12,730,4050,-504,2.676012765033956e-09,4.571556663786247
12,907,823,2350,2.744916798781104e-09,4.57155663900416
12,991,6738,-1561,2.770857931746157e-09,4.571556638885569
12,681,4543,-1011,2.80525681205897e-09,4.571556664377093
12,997,7061,-1770,2.8525728308681693e-09,4.571556664593401
12,858,1316,1843,2.9519216853865963e-09,4.571556638057825
12,316,2518,-759,2.9545421823940756e-09,4.57155666505956
12,632,5036,-1518,2.9545421823940756e-09,4.57155666505956
12,948,7554,-2277,2.9545421823940756e-09,4.57155666505956
12,600,2849,-75,2.956543497613088e-09,4.5715566380366965
12,942,7231,-2068,2.960753428637337e-09,4.571556638017451
12,899,8047,-2784,3.0676266921565538e-09,4.571556665576532
12,583,5529,-2025,3.1289216092594317e-09,4.571556665856745
12,893,7724,-2575,3.171488171526161e-09,4.571556637054065
12,809,1809,1336,3.1840027544324306e-09,4.571556636996854
12,962,653,2648,3.267573256083983e-09,4.571556666490599
12,551,3342,-582,3.297704891714688e-09,4.571556636477058
12,267,3011,-1266,3.335303234121152e-09,4.57155666680023
12,913,1146,2141,3.3957240693707787e-09,4.571556667076448
12,844,8217,-3082,3.4066921549327764e-09,4.5715566359788165
12,760,2302,829,3.446009712791434e-09,4.571556635799074
12,969,1262,2240,3.5303400575476906e-09,4.571556635413553
12,864,1639,1634,3.538410597708625e-09,4.571556667728747
12,815,2132,1127,3.6982545038065168e-09,4.571556668459483
12,502,3835,-1089,3.705467670502593e-09,4.571556634612947
12,711,2795,322,3.744130492676553e-09,4.571556634436198
12,920,1755,1733,3.765226970142013e-09,4.571556634339754
12,766,2625,620,3.878548311595781e-09,4.571556669283706
12,984,6129,-1153,3.8804721076639944e-09,4.571556669292501
12,955,8163,-2685,3.940732076104444e-09,4.571556633537423
12,871,2248,1226,4.0265420846514e-09,4.571556633145137
12,935,6622,-1660,4.0377277678296775e-09,4.571556670011404
12,717,3118,113,4.0834850494286895e-09,4.571556670220586
12,662,3288,-185,4.086383954814855e-09,4.571556632871567
13,790,2365,967,2.9810600586424534e-11,4.724739892170611
13,951,7555,-2165,3.159062692614489e-11,4.724739892179021
13,999,5017,-210,5.001763103690084e-11,4.724739891793443
13,838,-173,2922,6.737443872226573e-11,4.724739891711437
13,742,4903,-988,1.3956955496652837e-10,4.724739892689193
13,581,-287,2144,1.6707151646982842e-10,4.724739892819133
13,533,2251,189,3.3223028946023404e-10,4.724739893599465
13,209,2652,-1177,3.5176076327361526e-10,4.724739890367785
13,905,-688,3510,3.841606639765577e-10,4.724739893844823
13,884,8070,-2753,4.231701038182231e-10,4.724739890030395
13,675,5418,-1576,4.452804785172651e-10,4.724739889925929
13,466,2766,-399,4.872237942786702e-10,4.724739889727758
13,932,5532,-798,4.872237942786702e-10,4.724739889727758
13,857,1850,1555,4.990380635122118e-10,4.7247398943875885
13,723,2880,379,5.263824939063466e-10,4.724739889542743
13,485,4789,-1766,5.300805272947698e-10,4.724739894534256
13,970,9578,-3532,5.300805272947698e-10,4.724739894534256
13,980,2994,1157,5.45002934188142e-10,4.724739889454766
13,257,114,778,5.973863516317786e-10,4.724739889207268
13,514,228,1556,5.973863516317786e-10,4.724739889207268
13,771,342,2334,5.973863516317786e-10,4.724739889207268
13,809,4388,-400,6.275473555445563e-10,4.724739894994761
13,761,6926,-2355,7.722680649900178e-10,4.724739895678529
13,324,-401,1366,7.734469165241172e-10,4.724739895684099
13,924,1335,2143,9.002171628632783e-10,4.724739896283055
13,600,1736,777,9.686730770879636e-10,4.724739896606492
13,865,6047,-1386,9.92159123215253e-10,4.72473988734207
13,913,3509,569,1.0276318204700033e-09,4.72473988717447
13,876,3873,188,1.0408800363631063e-09,4.724739896947651
13,961,971,2524,1.0595610076916214e-09,4.724739887023613
13,608,5933,-2164,1.1590285562216533e-09,4.724739886553655
13,656,3395,-209,1.1961884154152557e-09,4.724739886378084
13,276,2137,-589,1.1978515153231137e-09,4.7247398976893
13,552,4274,-1178,1.1978515153231137e-09,4.7247398976893
13,828,6411,-1767,1.1978517033077307e-09,4.724739897689301
13,704,857,1746,1.2282809612691707e-09,4.724739886226455
13,991,820,2731,1.2471499172148281e-09,4.724739897922222
13,943,3358,776,1.39547805146325e-09,4.724739898623034
13,667,1221,1365,1.4772547436432552e-09,4.724739899009408
13,895,5896,-1179,1.559716451768127e-09,4.724739899399018
13,399,3281,-987,1.5818832218523117e-09,4.724739884555777
13,798,6562,-1974,1.5818832218523117e-09,4.724739884555777
13,846,4024,-19,1.5867055912358628e-09,4.724739884532992
13,447,743,968,1.5910102509838043e-09,4.724739884512654
13,894,1486,1936,1.5910102509838043e-09,4.724739884512654
13,619,3759,-590,1.7210649645536756e-09,4.724739900161348
13,847,8434,-3134,1.742569652816285e-09,4.724739900262952
13,988,7191,-1784,1.8421013041007627e-09,4.724739883326314
13,962,5381,-591,1.871175944911075e-09,4.724739900870583
13,734,706,1953,1.8929891159304152e-09,4.724739900973645
13,637,1372,1158,1.9918915827013174e-09,4.724739882618594
13,589,3910,-797,2.0183782392874317e-09,4.724739882493451
13,914,7919,-2546,2.056981820340687e-09,4.7247399017484675
13,343,1622,-1,2.1420760650440195e-09,4.724739902150516
13,686,3244,-2,2.1420760650440195e-09,4.724739902150516
13,875,-537,3303,2.178855443372526e-09,4.724739881735238
13,827,2001,1348,2.2085711117272935e-09,4.724739881594839
13,801,191,2541,2.2391748194134415e-09,4.724739902609282
13,779,4539,-607,2.241948720423993e-09,4.724739881437139
13,731,7077,-2562,2.2797097544232165e-09,4.724739881258728
13,981,7404,-1958,2.328447022232761e-09,4.72473990303107
13,969,5168,-417,2.3778444920177095e-09,4.724739880795067
13,921,7706,-2372,2.4148981399026268e-09,4.724739880619998
13,638,5782,-1957,2.4286433871234538e-09,4.724739903504472
13,753,2729,586,2.4881662723415376e-09,4.724739903785702
13,868,-324,3129,2.531917248181383e-09,4.724739903992414
13,1000,9427,-3325,2.7683419294535166e-09,4.724739905109459
13,705,5267,-1369,2.7710630067866516e-09,4.724739905122315
13,410,1107,587,2.7777003676487116e-09,4.724739905153675
13,820,2214,1174,2.7777003676487116e-09,4.724739905153675
13,618,-651,2525,2.836521318306386e-09,4.724739878627938
13,808,-22,2715,2.8596827149998705e-09,4.724739878518506
13,998,607,2905,2.8740250013647416e-09,4.724739878450743
13,190,629,190,2.9350175503196434e-09,4.724739878162569
13,380,1258,380,2.9350175503196434e-09,4.724739878162569
13,570,1887,570,2.9350175503196434e-09,4.724739878162569
13,760,2516,760,2.9350175503196434e-09,4.724739878162569
13,950,3145,950,2.9350175503196434e-09,4.724739878162569
13,902,5683,-1005,3.002501584073703e-09,4.724739877843724
13,712,5054,-1195,3.020509946442083e-09,4.72473987775864
13,887,1699,1762,3.0234943902238344e-09,4.724739906314988
13,522,4425,-1385,3.0516279800407323e-09,4.724739877611615
13,772,4752,-781,3.0540473420633536e-09,4.724739906459343
13,854,8221,-2960,3.0775715490679228e-09,4.724739877489038
13,332,3796,-1575,3.118362707110863e-09,4.724739877296311
13,477,592,1175,3.2347635339838382e-09,4.72473990731318
13,954,1184,2350,3.2347635339838382e-09,4.72473990731318
13,839,4237,-193,3.2918350997943862e-09,4.724739907582828
13,362,3645,-1368,3.36703702998984e-09,4.724739907938138
13,724,7290,-2736,3.36703702998984e-09,4.724739907938138
13,906,3722,395,3.494453191473502e-09,4.724739908540146
13,931,1122,2317,3.5149322356649834e-09,4.724739875422623
13,544,77,1763,3.579241397220127e-09,4.724739908940748
13,791,6775,-2148,3.5927432043617547e-09,4.7247399090045406
13,883,3660,362,3.615392718942761e-09,4.724739874947973
13,741,493,2127,3.6636284437937698e-09,4.724739874720072
13,973,3207,983,3.6691672225532502e-09,4.724739909365624
13,977,9365,-3358,3.6745390709727084e-09,4.724739874668522
13,835,6198,-1593,3.7274029770977605e-09,4.724739874418754
13,429,3130,-780,3.7831992552656156e-09,4.724739909904396
14,379,-199,2126,5.048902198354579e-11,7.4079631493540905
14,758,-398,4252,5.048902198354579e-11,7.4079631493540905
14,834,3627,1804,5.700352178045387e-11,7.407963149305831
14,455,3826,-322,6.242973383177375e-11,7.407963149265634
14,910,7652,-644,6.242973383177375e-11,7.407963149265634
14,531,7851,-2770,7.095247641138562e-11,7.407963149202498
14,972,2948,3007,7.224086906469516e-11,7.407963150263269
14,669,7172,-1567,1.1970601694540082e-10,7.407963150614889
14,593,3147,881,1.506803143601835e-10,7.4079631508443455
14,999,82,5175,1.7534033678087098e-10,7.407963148429197
14,772,8331,-1847,2.2612717817171446e-10,7.4079631480529695
14,696,4306,601,2.374998270763931e-10,7.407963147968721
14,807,6493,-364,2.4515764646589005e-10,7.40796315154423
14,620,281,3049,2.516606363340137e-10,7.407963147863819
14,731,2468,2084,2.8332744779732753e-10,7.407963151826991
14,937,4786,1524,3.2251252076362684e-10,7.4079631473389504
14,945,5814,839,3.339694559176333e-10,7.407963152202145
14,861,761,3972,3.402135922831983e-10,7.407963147207822
14,869,1789,3287,3.738450047159082e-10,7.407963152497541
14,317,4505,-1525,4.610869078394889e-10,7.4079631463123965
14,634,9010,-3050,4.610869078394889e-10,7.4079631463123965
14,875,9490,-2127,4.905410553890835e-10,7.407963146094201
14,214,3346,-1245,5.069568515277245e-10,7.407963153483629
14,428,6692,-2490,5.069568515277245e-10,7.407963153483629
14,558,4985,-602,5.072738541496629e-10,7.407963145970245
14,799,5465,321,5.255983801450589e-10,7.407963145834498
14,723,1440,2769,5.680260158611029e-10,7.4079631455201955
14,241,480,923,5.680261357561944e-10,7.407963145520195
14,482,960,1846,5.680261357561944e-10,7.407963145520195
14,964,1920,3692,5.680261357561944e-10,7.407963145520195
14,780,9359,-2532,5.682373909074257e-10,7.407963153937593
14,566,6013,-1287,5.914072372358012e-10,7.407963154109234
14,918,8680,-1329,6.11093891365782e-10,7.407963154255072
14,352,2667,-42,6.427491929003114e-10,7.407963154489574
14,704,5334,-84,6.427491929003114e-10,7.407963154489574
14,842,4655,1119,6.772617143604894e-10,7.407963154745241
14,490,1988,1161,7.020544606474726e-10,7.407963154928905
14,980,3976,2322,7.020544606474726e-10,7.407963154928905
14,628,1309,2364,7.352957344524262e-10,7.407963155175155
14,902,6624,41,7.479006651075902e-10,7.407963144187691
14,766,630,3567,7.565596085111515e-10,7.407963155332677
14,904,-49,4770,7.7133140315508e-10,7.407963155442106
14,826,2599,2489,8.054917927315087e-10,7.407963143761058
14,661,6144,-882,8.134826806852056e-10,7.407963143701862
14,138,-679,1203,8.533258578087743e-10,7.407963156049518
14,585,2119,1566,9.033194732742227e-10,7.407963143036354
14,420,5664,-1805,9.543281205843498e-10,7.407963142658484
14,953,6842,154,9.79429716627049e-10,7.407963156983691
14,929,3758,2209,9.903008443639636e-10,7.407963142391999
14,815,7521,-1049,1.0007821931583964e-09,7.407963157141869
14,677,8200,-2252,1.030839772703534e-09,7.407963157364534
14,764,7303,-1162,1.0371274309873152e-09,7.4079631420451095
14,853,-267,4657,1.0676661495346614e-09,7.40796314181888
14,877,2817,2602,1.0748765204426627e-09,7.407963157690757
14,739,3496,1399,1.1162485997730993e-09,7.40796315799724
14,344,1639,643,1.1382198548717023e-09,7.407963141296221
14,688,3278,1286,1.1382198548717023e-09,7.407963141296221
14,601,4175,196,1.1766203343591947e-09,7.407963158444471
14,867,8462,-1442,1.2076340772590825e-09,7.407963140782003
14,956,892,4377,1.2190090041704999e-09,7.4079631406977375
14,523,6823,-2085,1.2532908474746227e-09,7.407963140443779
14,663,-529,3847,1.2581868834313089e-09,7.407963159048713
14,463,4854,-1007,1.2729800194015253e-09,7.4079631591583
14,926,9708,-2014,1.2729800194015253e-09,7.4079631591583
14,791,4437,1006,1.311944964979822e-09,7.407963140009271
14,988,5004,1637,1.3216686966910363e-09,7.407963159518984
14,970,9621,-1722,1.3419298880995077e-09,7.407963139787144
14,525,150,2644,1.364607445182165e-09,7.407963159837073
14,850,5683,434,1.397705564247862e-09,7.407963160082263
14,715,412,3454,1.4384311692449053e-09,7.407963139072266
14,912,979,4085,1.4419725105626796e-09,7.4079631604101905
14,447,2798,363,1.445639501936351e-09,7.407963139018867
14,894,5596,726,1.445639501936351e-09,7.407963139018867
14,626,7982,-2365,1.453872937660162e-09,7.407963138957874
14,712,6362,-769,1.5032174411002039e-09,7.407963160863891
14,387,829,1441,1.5469250768131522e-09,7.407963161187675
14,774,1658,2882,1.5469250768131522e-09,7.407963161187675
14,997,6755,446,1.5517100899151048e-09,7.4079631382331
14,818,1571,3174,1.568620453306203e-09,7.407963138107829
14,729,9141,-2645,1.5977746233368526e-09,7.407963137891856
14,961,7870,-531,1.6141433007045323e-09,7.407963161685625
14,550,3957,83,1.6379166989235424e-09,7.407963137594485
14,574,7041,-1972,1.6594631657129442e-09,7.407963162021353
14,921,2730,2894,1.6696904568084785e-09,7.407963137359106
14,636,2337,1679,1.697423030739157e-09,7.407963162302559
14,823,8549,-1734,1.7417165937642888e-09,7.407963162630684
14,885,3845,1917,1.763233926046455e-09,7.407963162790083
14,653,5116,-197,1.7695365712166742e-09,7.40796313661945
14,756,6275,-477,1.8652919849978207e-09,7.407963135910097
14,474,-68,2531,1.880978818980113e-09,7.4079631357938895
14,948,-136,5062,1.880978818980113e-09,7.4079631357938895
14,685,9228,-2937,1.920691790034308e-09,7.407963163956525
14,249,1508,238,1.931329362132971e-09,7.407963164035328
14,498,3016,476,1.931329362132971e-09,7.407963164035328
14,747,4524,714,1.931329362132971e-09,7.407963164035328
14,996,6032,952,1.931329362132971e-09,7.407963164035328
14,859,7434,-757,1.93808377200798e-09,7.407963135370858
14,809,-180,4365,1.9403363609871704e-09,7.407963164102052
14,577,1091,2251,1.9865463271549134e-09,7.407963135011849
14,962,8593,-1037,1.995288237961796e-09,7.40796313494709
