N-Z,N,Z,A,El,o,MassExcess_keV,Error_keV,BindingPerA_keV,Error_BindingPerA_keV,BetaDecay_keV,Error_BetaDecay_keV,AtomicMass_u,Error_AtomicMass_u
0  1,1,,0,1,n,8071.3,806     0.00,44       0.0,0.0,B-    782.3470,0.0004,1 008664.91590,0.00047
0  0,1,,1,2 H,,13135.7,2895    0.00,015   1112.283,0.0002,B-      *,,2 014101.77784,0.000015
0  1,2,,1,3 H,,14949.8,090     0.00,08    2827.265,0.0003,B-     18.5920,0.00006,3 016049.28132,0.00008
0  2,3,,1,4 H,,-n   24621.1,9     100.00,1720.449,25.0000,B-  22196.2131,100.0000,4 026431.867,107.354
0  3,4,,1,5 H,,-nn   32892.4,7      89.44,1336.359,17.8885,B-  21661.2131,91.6515,5 035311.492,96.020
0  4,5,,1,6 H,,-3n   41875.7,5     254.12,961.639,42.3545,B-  24283.6294,254.1268,6 044955.437,272.816
0  5,6,,1,7 H,,-nn   49135#,1004#,940#,143#,B-  23062#,1004#,7 052749#,1078#
0  4,6,,2,8 H,e,31609.6,3       0.08,3924.521,0.0111,B-  10663.8784,0.1005,8 033934.388,0.095
0  5,7,,2,9 H,e,40935.8,6      46.81,3349.038,5.2018,B-  15980.9213,46.8169,9 043946.414,50.259
0  6,8,,2,10 H,e,-nn   49197.1,7      92.84,2995.134,9.2848,B-  16144.5191,93.7152,10 052815.306,99.676
0  5,8,,3,11 L,i,x   40728.2,9       0.61,4155.381,0.0559,B-  20551.0898,0.6591,11 043723.581,0.660
0  6,9,,3,12 L,i,-n   49009.5,7      30.00,3791.599,2.5005,B-  23931.8152,30.0669,12 052613.942,32.213
0  7,10,,3,13 L,i,-nn   56980.8,5      70.00,3507.630,5.3848,B-  23321.8152,70.7391,13 061171.503,75.150
0  6,10,,4,14 B,e,x   39954.5,2     132.24,4993.897,9.4461,B-  16290.8166,133.9357,14 042892.920,141.970
0  7,11,,4,15 B,e,-n   49825.8,1     165.79,4540.970,11.0532,B-  20868.4411,167.1256,15 053490.215,177.990
0  8,12,,4,16 B,e,-nn   57447.1,9     165.79,4285.285,10.3623,B-  20335.4399,167.6075,16 061672.036,177.990
0  7,12,,5,17 B,,x   43716.3,2     204.10,5269.667,12.0061,B-  22684.4422,204.8410,17 046931.399,219.114
0  8,13,,5,18 B,,-n   51792.6,0     204.16,4976.630,11.3425,B-  26873.3742,206.3572,18 055601.683,219.180
0  9,14,,5,19 B,,x   59770.2,1     525.36,4719.634,27.6507,B-  27356.4961,534.4964,19 064166.000,564.000
0 10,15,,5,20 B,,-n   69401.5,9     546.35,4405.652,27.3178,B-  31898.0019,593.0377,20 074505.644,586.538
0 11,16,,5,21 B,,-nn   78382.8,7     558.66,4152.526,26.6031,B-  32740#,817#,21 084147.485,599.750
0 10,16,,6,22 C,,-nn   53611.2,3     231.49,5421.077,10.5223,B-  21846.3983,311.0627,22 057553.990,248.515
0 11,17,,6,23 C,,x   64171#,997#,5077#,43#,B-  27450#,1082#,23 068890#,1070#
0 10,17,,7,24 N,,x   46938#,401#,5887#,17#,B-  28438#,433#,24 050390#,430#
0 11,18,,7,25 N,,x   55983#,503#,5613#,20#,B-  28654#,529#,25 060100#,540#
0 10,18,,8,26 O,,-nn   34661.0,1     164.95,6497.479,6.3442,B-  15986.3855,196.6301,26 037210.155,177.081
0 11,19,,8,27 O,,x   44670#,500#,6185#,19#,B-  19536#,514#,27 047955#,537#
0 12,20,,8,28 O,,x   52080#,699#,5988#,25#,B-  18676#,709#,28 055910#,750#
0 11,20,,9,29 F,,x   40150.1,0     525.36,6444.031,18.1160,B-  21750.3873,546.2212,29 043103.000,564.000
0 12,21,,9,30 F,,x   48960#,500#,6205#,17#,B-  25680#,561#,30 052561#,537#
0 13,22,,9,31 F,,-nn   56843#,535#,6011#,17#,B-  25661#,597#,31 061023#,574#
0 12,22,1,0,32 N,e,x   36999#,503#,6671#,16#,B-  18359#,504#,32 039720#,540#
0 13,23,1,0,33 N,e,x   46130#,600#,6436#,18#,B-  22350#,750#,33 049523#,644#
0 14,24,1,0,34 N,e,-nn   52842#,513#,6287#,15#,B-  21161#,789#,34 056728#,551#
0 13,24,1,1,35 N,a,-n   37831#,670#,6745#,19#,B-  22192#,723#,35 040614#,720#
0 14,25,1,1,36 N,a,-n   45903#,687#,6557#,19#,B-  25523#,974#,36 049279#,737#
0 15,26,1,1,37 N,a,-nn   53134#,687#,6403#,19#,B-  24923#,980#,37 057042#,737#
0 16,27,1,1,38 N,a,-n   61905#,715#,6216#,19#,B-  27831#,875#,38 066458#,768#
0 17,28,1,1,39 N,a,-n   69977#,743#,6056#,19#,B-  27201#,903#,39 075123#,797#
0 16,28,1,2,40 M,g,x   49550#,500#,6598#,13#,B-  20729#,583#,40 053194#,537#
0 17,29,1,2,41 M,g,x   58100#,500#,6425#,12#,B-  23510#,640#,41 062373#,537#
0 16,29,1,3,42 A,l,x   41990#,500#,6829#,12#,B-  25150#,583#,42 045078#,537#
0 17,30,1,3,43 A,l,x   48270#,600#,6712#,14#,B-  23940#,721#,43 051820#,644#
0 16,30,1,4,44 S,i,x   29310#,500#,7156#,11#,B-  18200#,640#,44 031466#,537#
0 17,31,1,4,45 S,i,x   37090#,600#,7004#,13#,B-  21130#,781#,45 039818#,644#
0 16,31,1,5,46 P,,x   22840#,500#,7320#,11#,B-  22200#,640#,46 024520#,537#
0 17,32,1,5,47 P,,x   28810#,600#,7209#,13#,B-  21610#,721#,47 030929#,644#
0 16,32,1,6,48 S,,x   12390#,500#,7552#,10#,B-  16670#,707#,48 013301#,537#
0 17,33,1,6,49 S,,-n   20391#,583#,7400#,12#,B-  19652#,707#,49 021891#,626#
0 16,33,1,7,50 C,l,x    7700#,400#,7651#,8#,B-  20930#,640#,50 008266#,429#
0 17,34,1,7,51 C,l,x   14290#,700#,7530#,14#,B-  20780#,806#,51 015341#,751#
0 18,35,1,7,52 C,l,x   22360#,700#,7386#,13#,B-  23739#,922#,52 024004#,751#
0 17,35,1,8,53 A,r,x    6791#,699#,7677#,13#,B-  19086#,708#,53 007290#,750#
0 18,36,1,8,54 A,r,x   12560#,800#,7578#,15#,B-  17710#,894#,54 013484#,859#
0 17,36,1,9,55 K,,x     470#,500#,7792#,9#,B-  19121#,525#,55 000505#,537#
0 18,37,1,9,56 K,,x    7980#,600#,7663#,11#,B-  21491#,650#,56 008567#,644#
0 19,38,1,9,57 K,,x   14130#,600#,7563#,11#,B-  20689#,721#,57 015169#,644#
0 20,39,1,9,58 K,,x   21930#,700#,7437#,12#,B-  23461#,860#,58 023543#,751#
0 21,40,1,9,59 K,,x   28750#,800#,7332#,14#,B-  22940#,1000#,59 030864#,859#
0 20,40,2,0,60 C,a,x   11000#,700#,7627#,12#,B-  15550#,860#,60 011809#,751#
0 21,41,2,0,61 C,a,x   19010#,800#,7503#,13#,B-  18510#,1000#,61 020408#,859#
0 20,41,2,1,62 S,c,x    7310#,600#,7688#,10#,B-  19510#,721#,62 007848#,644#
0 21,42,2,1,63 S,c,x   13070#,700#,7603#,11#,B-  18930#,860#,63 014031#,751#
0 20,42,2,2,64 T,i,x   -1480#,600#,7826#,9#,B-  14840#,721#,63 998411#,644#
0 21,43,2,2,65 T,i,x    5210#,700#,7726#,11#,B-  17320#,860#,65 005593#,751#
0 20,43,2,3,66 V,,x   -6300#,500#,7894#,8#,B-  18840#,583#,65 993237#,537#
0 21,44,2,3,67 V,,x   -1744#,600#,7829#,9#,B-  17526#,721#,66 998128#,644#
0 20,44,2,4,68 C,r,x  -15690#,500#,8026#,7#,B-  13230#,583#,67 983156#,537#
0 21,45,2,4,69 C,r,x   -9630#,500#,7939#,7#,B-  15730#,640#,68 989662#,537#
0 22,46,2,4,70 C,r,x   -5640#,600#,7884#,9#,B-  14810#,781#,69 993945#,644#
0 21,46,2,5,71 M,n,x  -16620#,500#,8030#,7#,B-  15310#,640#,70 982158#,537#
0 22,47,2,5,72 M,n,x  -11170#,600#,7955#,8#,B-  18080#,781#,71 988009#,644#
0 23,48,2,5,73 M,n,x   -6700#,600#,7895#,8#,B-  17289#,781#,72 992807#,644#
0 22,48,2,6,74 F,e,x  -20660#,500#,8076#,7#,B-  12881#,640#,73 977821#,537#
0 23,49,2,6,75 F,e,x  -14700#,600#,7996#,8#,B-  15861#,721#,74 984219#,644#
0 24,50,2,6,76 F,e,x  -10590#,600#,7943#,8#,B-  15070#,781#,75 988631#,644#
0 23,50,2,7,77 C,o,x  -21910#,600#,8082#,8#,B-  15440#,721#,76 976479#,644#
0 24,51,2,7,78 C,o,x  -15320#,700#,7997#,9#,B-  19560#,806#,77 983553#,751#
0 23,51,2,8,79 N,i,x  -28160#,500#,8150#,6#,B-  14248#,511#,78 969769#,537#
0 24,52,2,8,80 N,i,x  -23240#,600#,8088#,7#,B-  13440#,671#,79 975051#,644#
0 25,53,2,8,81 N,i,x  -16090#,700#,8000#,9#,B-  15820#,761#,80 982727#,751#
0 26,54,2,8,82 N,i,x  -10720#,800#,7935#,10#,B-  15010#,894#,81 988492#,859#
0 25,54,2,9,83 C,u,x  -20390#,500#,8044#,6#,B-  15900#,583#,82 978110#,537#
0 26,55,2,9,84 C,u,x  -13720#,500#,7965#,6#,B-  18110#,640#,83 985271#,537#
0 25,55,3,0,85 Z,n,x  -25100#,500#,8090#,6#,B-  14644#,502#,84 973054#,537#
0 26,56,3,0,86 Z,n,x  -20062#,500#,8032#,6#,B-  13699#,640#,85 978463#,537#
0 25,56,3,1,87 G,a,x  -28870#,500#,8124#,6#,B-  14720#,583#,86 969007#,537#
0 26,57,3,1,88 G,a,x  -22390#,500#,8050#,6#,B-  17129#,640#,87 975963#,537#
0 25,57,3,2,89 G,e,x  -33040#,400#,8161#,4#,B-  13490#,500#,88 964530#,429#
0 26,58,3,2,90 G,e,x  -28470#,500#,8109#,6#,B-  12520#,640#,89 969436#,537#
0 25,58,3,3,91 A,s,x  -36500#,400#,8189#,4#,B-  14080#,589#,90 960816#,429#
0 26,59,3,3,92 A,s,x  -30380#,500#,8121#,5#,B-  16344#,640#,91 967386#,537#
0 25,59,3,4,93 S,e,x  -40860#,400#,8225#,4#,B-  12030#,588#,92 956135#,429#
0 26,60,3,4,94 S,e,x  -36803#,500#,8180#,5#,B-  10846#,539#,93 960490#,537#
0 27,61,3,4,95 S,e,x  -30460#,500#,8112#,5#,B-  13390#,583#,94 967300#,537#
0 26,61,3,5,96 B,r,x  -38210#,300#,8184#,3#,B-  14872#,301#,95 958980#,322#
0 27,62,3,5,97 B,r,x  -34000#,400#,8140#,4#,B-  13423#,420#,96 963499#,429#
0 28,63,3,5,98 B,r,x  -28050#,400#,8078#,4#,B-  16070#,500#,97 969887#,429#
0 27,63,3,6,99 K,r,x  -38400#,400#,8175#,4#,B-  12721#,400#,98 958776#,429#
0 28,64,3,6  1,00 K,r,x  -34470#,400#,8134#,4#,B-  11796#,400#,99 962995#,429#
0 29,65,3,6  1,01 K,r,x  -28580#,500#,8075#,5#,B-  13987#,501#,00 969318#,537#
0 28,65,3,7  1,02 R,b,x  -37252.3,2      82.90,8152.744,0.8128,B-  14906.9991,106.6347,01 960008.000,89.000
0 29,66,3,7  1,03 R,b,x  -33160#,400#,8112#,4#,B-  14120#,447#,02 964401#,429#
0 30,67,3,7  1,04 R,b,x  -27450#,500#,8057#,5#,B-  16310#,583#,03 970531#,537#
0 29,67,3,8  1,05 S,r,x  -38190#,500#,8152#,5#,B-  12380#,640#,04 959001#,537#
0 30,68,3,8  1,06 S,r,x  -34300#,600#,8114#,6#,B-  11490#,781#,05 963177#,644#
0 31,69,3,8  1,07 S,r,x  -28250#,700#,8057#,7#,B-  13720#,860#,06 969672#,751#
0 30,69,3,9  1,08 Y,,x  -36780#,600#,8129#,6#,B-  14170#,721#,07 960515#,644#
0 31,70,3,9  1,09 Y,,x  -32480#,700#,8089#,6#,B-  13250#,860#,08 965131#,751#
0 30,70,4,0  1,10 Z,r,x  -42220#,500#,8171#,5#,B-  10090#,976#,09 954675#,537#
0 31,71,4,0  1,11 Z,r,x  -36480#,600#,8118#,5#,B-  12480#,671#,10 960837#,644#
0 32,72,4,0  1,12 Z,r,x  -32420#,700#,8081#,6#,B-  11650#,761#,11 965196#,751#
0 33,73,4,0  1,13 Z,r,x  -26340#,300#,8027#,3#,B-  13870#,500#,12 971723#,322#
0 32,73,4,1  1,14 N,b,x  -34960#,500#,8097#,4#,B-  14720#,583#,13 962469#,537#
0 33,74,4,1  1,15 N,b,x  -30880#,500#,8061#,4#,B-  13670#,640#,14 966849#,537#
0 34,75,4,1  1,16 N,b,x  -25230#,300#,8012#,3#,B-  15980#,583#,15 972914#,322#
0 33,75,4,2  1,17 M,o,x  -35689#,500#,8096#,4#,B-  12450#,640#,16 961686#,537#
0 34,76,4,2  1,18 M,o,x  -32370#,500#,8067#,4#,B-  10920#,640#,17 965249#,537#
0 35,77,4,2  1,19 M,o,x  -26580#,300#,8019#,3#,B-  13590#,583#,18 971465#,322#
0 34,77,4,3  1,20 T,c,x  -35000#,500#,8083#,4#,B-  14720#,640#,19 962426#,537#
0 35,78,4,3  1,21 T,c,x  -31540#,500#,8054#,4#,B-  13080#,640#,20 966140#,537#
0 36,79,4,3  1,22 T,c,x  -26305#,300#,8011#,2#,B-  15475#,583#,21 971760#,322#
0 35,79,4,4  1,23 R,u,x  -36550#,500#,8089#,4#,B-  12640#,640#,22 960762#,537#
0 36,80,4,4  1,24 R,u,x  -33590#,600#,8065#,5#,B-  11120#,721#,23 963940#,644#
0 37,81,4,4  1,25 R,u,x  -28370#,300#,8023#,2#,B-  13460#,583#,24 969544#,322#
0 36,81,4,5  1,26 R,h,x  -37200#,500#,8087#,4#,B-  14590#,640#,25 960064#,537#
0 37,82,4,5  1,27 R,h,x  -33730#,600#,8060#,5#,B-  13490#,781#,26 963789#,644#
0 38,83,4,5  1,28 R,h,x  -27340#,300#,8010#,2#,B-  17050#,583#,27 970649#,322#
0 37,83,4,6  1,29 P,d,x  -37880#,600#,8086#,5#,B-  13990#,721#,28 959334#,644#
0 38,84,4,6  1,30 P,d,x  -32730#,300#,8046#,2#,B-  13168#,520#,29 964863#,322#
0 39,85,4,6  1,31 P,d,x  -25740#,300#,7993#,2#,B-  15010#,583#,30 972367#,322#
0 38,85,4,7  1,32 A,g,x  -34400#,500#,8053#,4#,B-  16065#,504#,31 963070#,537#
0 39,86,4,7  1,33 A,g,x  -29080#,500#,8013#,4#,B-  15059#,539#,32 968781#,537#
0 38,86,4,8  1,34 C,d,x  -39460#,300#,8086#,2#,B-  12510#,361#,33 957638#,322#
0 39,87,4,8  1,35 C,d,x  -32820#,400#,8036#,3#,B-  14290#,500#,34 964766#,429#
0 38,87,4,9  1,36 I,n,x  -40970#,300#,8091#,2#,B-  15200#,361#,35 956017#,322#
0 39,88,4,9  1,37 I,n,x  -35830#,400#,8053#,3#,B-  14320#,500#,36 961535#,429#
0 38,88,5,0  1,38 S,n,x  -45510#,400#,8118#,3#,B-   9140#,500#,37 951143#,429#
0 39,89,5,0  1,39 S,n,x  -39310#,400#,8073#,3#,B-  10740#,565#,38 957799#,429#
0 40,90,5,0  1,40 S,n,x  -34490#,300#,8038#,2#,B-   9900#,671#,39 962973#,322#
0 39,90,5,1  1,41 S,b,x  -39540#,500#,8069#,4#,B-  11129#,640#,40 957552#,537#
0 40,91,5,1  1,42 S,b,x  -33610#,300#,8027#,2#,B-  12939#,583#,41 963918#,322#
0 39,91,5,2  1,43 T,e,x  -40530#,500#,8070#,3#,B-  10259#,539#,42 956489#,537#
0 40,92,5,2  1,44 T,e,x  -36220#,300#,8040#,2#,B-   9110#,500#,43 961116#,322#
0 41,93,5,2  1,45 T,e,x  -30010#,300#,7998#,2#,B-  11120#,583#,44 967783#,322#
0 40,93,5,3  1,46 I,,x  -35540#,300#,8031#,2#,B-  12415#,301#,45 961846#,322#
0 41,94,5,3  1,47 I,,x  -31200#,300#,8001#,2#,B-  11199#,361#,46 966505#,322#
0 40,94,5,4  1,48 X,e,x  -38650#,300#,8047#,2#,B-   8261#,300#,47 958508#,322#
0 41,95,5,4  1,49 X,e,x  -33000#,300#,8009#,2#,B-  10300#,500#,48 964573#,322#
0 42,96,5,4  1,50 X,e,x  -28990#,300#,7983#,2#,B-   9180#,500#,49 968878#,322#
0 41,96,5,5  1,51 C,s,x  -34280#,500#,8013#,3#,B-  10660#,640#,50 963199#,537#
0 42,97,5,5  1,52 C,s,x  -29130#,500#,7980#,3#,B-  12480#,640#,51 968728#,537#
0 41,97,5,6  1,53 B,a,x  -36470#,400#,8023#,3#,B-   9590#,500#,52 960848#,429#
0 42,98,5,6  1,54 B,a,x  -32920#,500#,8001#,3#,B-   8610#,583#,53 964659#,537#
0 41,98,5,7  1,55 L,a,x  -37930#,400#,8028#,3#,B-   9850#,500#,54 959280#,429#
0 42,99,5,7  1,56 L,a,x  -33050#,400#,7997#,3#,B-  11769#,500#,55 964519#,429#
0 43,100,5,7  1,57 L,a,x  -29070#,300#,7972#,2#,B-  10860#,500#,56 968792#,322#
0 42,100,5,8  1,58 C,e,x  -36540#,400#,8015#,3#,B-   7610#,500#,57 960773#,429#
0 43,101,5,8  1,59 C,e,x  -31340#,500#,7983#,3#,B-   9430#,640#,58 966355#,537#
0 42,101,5,9  1,60 P,r,x  -36200#,400#,8009#,2#,B-  10525#,402#,59 961138#,429#
0 43,102,5,9  1,61 P,r,x  -32490#,500#,7986#,3#,B-   9741#,640#,60 965121#,537#
0 42,102,6,0  1,62 N,d,x  -39010#,400#,8022#,2#,B-   7030#,500#,61 958121#,429#
0 43,103,6,0  1,63 N,d,x  -34080#,500#,7992#,3#,B-   8880#,640#,62 963414#,537#
0 42,103,6,1  1,64 P,m,x  -38360#,400#,8014#,2#,B-   9565#,400#,63 958819#,429#
0 43,104,6,1  1,65 P,m,x  -34670#,500#,7992#,3#,B-   8840#,640#,64 962780#,537#
0 42,104,6,2  1,66 S,m,x  -40450#,400#,8023#,2#,B-   6299#,412#,65 956575#,429#
0 43,105,6,2  1,67 S,m,x  -35330#,500#,7992#,3#,B-   8440#,640#,66 962072#,537#
0 44,106,6,2  1,68 S,m,x  -31640#,300#,7971#,2#,B-   7610#,500#,67 966033#,322#
0 43,106,6,3  1,69 E,u,x  -35660#,500#,7991#,3#,B-   8230#,640#,68 961717#,537#
0 44,107,6,3  1,70 E,u,x  -30860#,500#,7963#,3#,B-   9989#,707#,69 966870#,537#
0 43,107,6,4  1,71 G,d,x  -36210#,500#,7990#,3#,B-   7560#,640#,70 961127#,537#
0 44,108,6,4  1,72 G,d,x  -32970#,300#,7972#,2#,B-   6720#,583#,71 964605#,322#
0 43,108,6,5  1,73 T,b,x  -36510#,500#,7988#,3#,B-   7230#,640#,72 960805#,537#
0 44,109,6,5  1,74 T,b,x  -31970#,500#,7963#,3#,B-   9160#,707#,73 965679#,537#
0 43,109,6,6  1,75 D,y,x  -36730#,500#,7986#,3#,B-   6570#,640#,74 960569#,537#
0 44,110,6,6  1,76 D,y,x  -33610#,500#,7969#,3#,B-   5780#,707#,75 963918#,537#
0 43,110,6,7  1,77 H,o,x  -36280#,500#,7980#,3#,B-   6578#,709#,76 961052#,537#
0 44,111,6,7  1,78 H,o,x  -32130#,500#,7957#,3#,B-   8130#,778#,77 965507#,537#
0 43,111,6,8  1,79 E,r,x  -36080#,500#,7976#,3#,B-   5821#,640#,78 961267#,537#
0 44,112,6,8  1,80 E,r,x  -33180#,500#,7960#,3#,B-   4990#,640#,79 964380#,537#
0 43,112,6,9  1,81 T,m,x  -35440#,500#,7969#,3#,B-   5649#,582#,80 961954#,537#
0 44,113,6,9  1,82 T,m,x  -31490#,500#,7948#,3#,B-   7410#,640#,81 966194#,537#
0 43,113,7,0  1,83 Y,b,x  -35000#,400#,7963#,2#,B-   4716#,408#,82 962426#,429#
0 44,114,7,0  1,84 Y,b,x  -32600#,503#,7951#,3#,B-   3700#,541#,83 965002#,540#
0 45,115,7,0  1,85 Y,b,x  -28480#,500#,7929#,3#,B-   5480#,583#,84 969425#,537#
0 44,115,7,1  1,86 L,u,x  -30320#,400#,7936#,2#,B-   6104#,403#,85 967450#,429#
0 45,116,7,1  1,87 L,u,x  -27770#,400#,7923#,2#,B-   5230#,447#,86 970188#,429#
0 46,117,7,1  1,88 L,u,x  -23820#,400#,7903#,2#,B-   7009#,500#,87 974428#,429#
0 45,117,7,2  1,89 H,f,x  -27150#,300#,7917#,2#,B-   4809#,361#,88 970853#,322#
0 46,118,7,2  1,90 H,f,x  -24800#,400#,7905#,2#,B-   3920#,447#,89 973376#,429#
0 45,118,7,3  1,91 T,a,x  -26520#,300#,7911#,2#,B-   4657#,303#,90 971530#,322#
0 46,119,7,3  1,92 T,a,x  -23100#,400#,7894#,2#,B-   6520#,447#,91 975201#,429#
0 47,120,7,3  1,93 T,a,x  -20810#,400#,7883#,2#,B-   5380#,447#,92 977660#,429#
0 48,121,7,3  1,94 T,a,x  -17130#,500#,7865#,3#,B-   7280#,583#,93 981610#,537#
0 47,121,7,4  1,95 W,,x  -20740#,300#,7881#,2#,B-   4820#,424#,94 977735#,322#
0 48,122,7,4  1,96 W,,x  -18740#,400#,7872#,2#,B-   3620#,500#,95 979882#,429#
0 49,123,7,4  1,97 W,,x  -14870#,400#,7853#,2#,B-   5480#,500#,96 984036#,429#
0 48,123,7,5  1,98 R,e,x  -16990#,400#,7861#,2#,B-   6610#,447#,97 981760#,429#
0 49,124,7,5  1,99 R,e,x  -14730#,400#,7850#,2#,B-   5541#,447#,98 984187#,429#
0 48,124,7,6  2,00 O,s,x  -18550#,300#,7867#,1#,B-   3020#,358#,99 980086#,322#
0 49,125,7,6  2,01 O,s,x  -14840#,300#,7849#,1#,B-   5000#,361#,00 984069#,322#
0 50,126,7,6  2,02 O,s,x  -12530#,400#,7839#,2#,B-   4110#,500#,01 986548#,429#
0 51,127,7,6  2,03 O,s,x   -7270#,400#,7814#,2#,B-   7100#,565#,02 992195#,429#
0 50,127,7,7  2,04 I,r,x   -9570#,400#,7823#,2#,B-   8050#,447#,03 989726#,429#
0 51,128,7,7  2,05 I,r,x   -5600#,500#,7805#,2#,B-   7220#,583#,04 993988#,537#
0 50,128,7,8  2,06 P,t,x   -9240#,300#,7820#,1#,B-   4950#,424#,05 990080#,322#
0 51,129,7,8  2,07 P,t,x   -4140#,400#,7797#,2#,B-   6501#,500#,06 995556#,429#
0 52,130,7,8  2,08 P,t,x    -500#,400#,7780#,2#,B-   5410#,500#,07 999463#,429#
0 51,130,7,9  2,09 A,u,x   -2230#,400#,7786#,2#,B-   6380#,427#,08 997606#,429#
0 52,131,7,9  2,10 A,u,x    2680#,400#,7764#,2#,B-   7980#,447#,10 002877#,429#
0 51,131,8,0  2,11 H,g,x    -390#,200#,7777#,1#,B-   5688#,205#,10 999581#,215#
0 52,132,8,0  2,12 H,g,x    3020#,300#,7762#,1#,B-   4571#,361#,12 003242#,322#
0 53,133,8,0  2,13 H,g,x    8200#,300#,7739#,1#,B-   6416#,301#,13 008803#,322#
0 54,134,8,0  2,14 H,g,x   11770#,400#,7724#,2#,B-   5306#,445#,14 012636#,429#
0 55,135,8,0  2,15 H,g,x   17110#,400#,7701#,2#,B-   7079#,500#,15 018368#,429#
0 56,136,8,0  2,16 H,g,x   20920#,400#,7685#,2#,B-   6050#,500#,16 022459#,429#
0 55,136,8,1  2,17 T,l,x   18660#,400#,7693#,2#,B-   6399#,500#,17 020032#,429#
0 56,137,8,1  2,18 T,l,x   23710#,400#,7672#,2#,B-   8081#,500#,18 025454#,429#
0 55,137,8,2  2,19 P,b,x   20620#,400#,7684#,2#,B-   4300#,447#,19 022136#,429#
0 56,138,8,2  2,20 P,b,x   24130#,400#,7670#,2#,B-   3171#,500#,20 025905#,429#
0 55,138,8,3  2,21 B,i,x   24200#,300#,7668#,1#,B-   4426#,301#,21 025980#,322#
0 56,139,8,3  2,22 B,i,x   28950#,300#,7648#,1#,B-   6464#,303#,22 031079#,322#
0 57,140,8,3  2,23 B,i,x   32240#,400#,7636#,2#,B-   5161#,445#,23 034611#,429#
0 58,141,8,3  2,24 B,i,x   37070#,400#,7616#,2#,B-   7159#,445#,24 039796#,429#
0 57,141,8,4  2,25 P,o,x   34580#,300#,7626#,1#,B-   4280#,424#,25 037123#,322#
0 58,142,8,4  2,26 P,o,x   37549#,401#,7614#,2#,B-   2889#,500#,26 040310#,430#
0 59,143,8,4  2,27 P,o,x   42281#,401#,7596#,2#,B-   4850#,500#,27 045390#,430#
0 58,143,8,5  2,28 A,t,x   41880#,400#,7596#,2#,B-   6637#,400#,28 044960#,429#
0 59,144,8,5  2,29 A,t,x   44890#,400#,7585#,2#,B-   5527#,400#,29 048191#,429#
0 58,144,8,6  2,30 R,n,x   42170#,200#,7595#,1#,B-   2683#,200#,30 045271#,215#
0 59,145,8,6  2,31 R,n,x   46550#,300#,7579#,1#,B-   4469#,300#,31 049973#,322#
0 58,145,8,7  2,32 F,r,x   46072.8,4      13.97,7579.348,0.0602,B-   5575.8791,16.7023,32 049461.219,15.000
0 59,146,8,7  2,33 F,r,x   48920.0,2      19.56,7569.239,0.0840,B-   4585.9906,21.3694,33 052517.833,21.000
0 58,146,8,8  2,34 R,a,x   46930.6,9       8.38,7576.543,0.0358,B-   2089.4348,16.2945,34 050382.100,9.000
0 59,147,8,8  2,35 R,a,x   51130#,300#,7561#,1#,B-   3773#,300#,35 054890#,322#
0 58,147,8,9  2,36 A,c,x   51220.9,8      38.19,7559.242,0.1618,B-   4965.7951,40.6669,36 054988.000,41.000
0 59,148,8,9  2,37 A,c,x   54020#,400#,7550#,2#,B-   4065#,400#,37 057993#,429#
0 58,148,9,0  2,38 T,h,+a   52525#,283#,7555#,1#,B-   1631#,284#,38 056388#,304#
0 59,149,9,0  2,39 T,h,x   56500#,400#,7540#,2#,B-   3162#,445#,39 060655#,429#
0 58,149,9,1  2,40 P,a,x   57010#,200#,7537#,1#,B-   4295#,200#,40 061203#,215#
0 59,150,9,1  2,41 P,a,x   59740#,300#,7528#,1#,B-   3543#,358#,41 064134#,322#
0 58,150,9,2  2,42 U,,+a   58620#,201#,7532#,1#,B-   1203#,283#,42 062931#,215#
0 59,151,9,2  2,43 U,,x   62480#,300#,7518#,1#,B-   2674#,302#,43 067075#,322#
0 58,151,9,3  2,44 N,p,x   63240#,100#,7514#,0#,B-   3434#,100#,44 067891#,107#
0 59,152,9,3  2,45 N,p,x   65850#,200#,7506#,1#,B-   2672#,201#,45 070693#,215#
0 58,152,9,4  2,46 P,u,65394.7,2      14.98,7506.540,0.0609,B-    401#,14#,46 070204.172,16.087
0 59,153,9,4  2,47 P,u,x   69210#,200#,7493#,1#,B-   2057#,224#,47 074300#,215#
0 58,153,9,5  2,48 A,m,+   70563#,200#,7487#,1#,B-   3170#,200#,48 075752#,215#
0 59,154,9,5  2,49 A,m,x   73104#,298#,7479#,1#,B-   2353#,298#,49 078480#,320#
0 58,154,9,6  2,50 C,m,-nn   72989.5,8      10.27,7478.938,0.0411,B-     37.5820,10.6414,50 078357.541,11.029
0 59,155,9,6  2,51 C,m,+   76647.9,1      22.69,7466.723,0.0904,B-   1420.0000,20.0000,51 082284.988,24.367
0 60,156,9,6  2,52 C,m,x   79056#,298#,7460#,1#,B-    521#,359#,52 084870#,320#
0 59,156,9,7  2,53 B,k,-a   80929#,359#,7451#,1#,B-   1627#,359#,53 086880#,385#
0 60,157,9,7  2,54 B,k,x   84393#,298#,7440#,1#,B-   3052#,298#,54 090600#,320#
0 59,157,9,8  2,55 C,f,+   84809#,200#,7438#,1#,B-    720#,200#,55 091046#,215#
0 60,158,9,8  2,56 C,f,-a   87041#,314#,7432#,1#,B-   -144#,330#,56 093442#,338#
0 59,158,9,9  2,57 E,s,-a   89403#,411#,7422#,2#,B-    813#,411#,57 095979#,441#
0 60,159,9,9  2,58 E,s,x   92702#,401#,7412#,2#,B-   2276#,448#,58 099520#,430#
0 59,159,10,0  2,59 F,m,-a   93704#,283#,7407#,1#,B-    140#,300#,59 100596#,304#
0 60,160,10,0  2,60 F,m,-a   95766#,435#,7402#,2#,B-   -784#,537#,60 102809#,467#
0 59,160,10,1  2,61 M,d,-a   98578#,509#,7391#,2#,B-    123#,547#,61 105828#,546#
0 60,161,10,1  2,62 M,d,-a  101667#,448#,7382#,2#,B-   1566#,575#,62 109144#,481#
0 59,161,10,2  2,63 N,o,-a  103129#,490#,7376#,2#,B-   -540#,539#,63 110714#,526#
0 60,162,10,2  2,64 N,o,-a  105011#,591#,7371#,2#,B-  -1364#,734#,64 112734#,634#
0 59,162,10,3  2,65 L,r,-a  108233#,547#,7359#,2#,B-   -457#,655#,65 116193#,587#
0 60,163,10,3  2,66 L,r,-a  111662#,539#,7349#,2#,B-   1526#,679#,66 119874#,579#
0 59,163,10,4  2,67 R,f,-a  113444#,575#,7342#,2#,B-   -570#,686#,67 121787#,617#
0 60,164,10,4  2,68 R,f,-a  115476#,662#,7337#,2#,B-  -1584#,848#,68 123968#,711#
0 59,164,10,5  2,69 D,b,-a  119148#,624#,7323#,2#,B-   -544#,724#,69 127911#,669#
0 60,165,10,5  2,70 D,b,-a  122397#,575#,7314#,2#,B-    966#,735#,70 131399#,617#
0 59,165,10,6  2,71 S,g,-a  124617#,591#,7305#,2#,B-  -1242#,705#,71 133782#,634#
0 60,166,10,6  2,72 S,g,-a  126520#,692#,7301#,3#,B-  -2267#,873#,72 135825#,743#
0 61,167,10,6  2,73 S,g,x  129920#,400#,7292#,1#,B-   -763#,767#,73 139475#,429#
0 60,167,10,7  2,74 B,h,-a  133762#,578#,7278#,2#,B-    356#,744#,74 143599#,620#
0 61,168,10,7  2,75 B,h,x  135780#,600#,7273#,2#,B-   -712#,844#,75 145766#,644#
0 62,169,10,7  2,76 B,h,x  138950#,600#,7265#,2#,B-    765#,937#,76 149169#,644#
0 63,170,10,7  2,77 B,h,x  141100#,600#,7260#,2#,B-   -275#,748#,77 151477#,644#
0 64,171,10,7  2,78 B,h,x  144370#,400#,7251#,1#,B-   1150#,500#,78 154988#,429#
0 63,171,10,8  2,79 H,s,x  146500#,600#,7243#,2#,B-  -1085#,900#,79 157274#,644#
0 64,172,10,8  2,80 H,s,x  148420#,600#,7239#,2#,B-  -2090#,848#,80 159335#,644#
0 63,172,10,9  2,81 M,t,x  152400#,600#,7225#,2#,B-   -873#,776#,81 163608#,644#
0 64,173,10,9  2,82 M,t,-a  155455#,447#,7218#,2#,B-    665#,538#,82 166888#,480#
0 63,173,11,0  2,83 D,s,x  157830#,500#,7210#,2#,B-  -1550#,843#,83 169437#,537#
0 64,174,11,0  2,84 D,s,x  159460#,500#,7207#,2#,B-  -2510#,707#,84 171187#,537#
0 63,174,11,1  2,85 R,g,x  163730#,600#,7192#,2#,B-  -1357#,785#,85 175771#,644#
0 64,175,11,1  2,86 R,g,-a  166510#,458#,7185#,2#,B-     61#,836#,86 178756#,492#
0 63,175,11,2  2,87 C,n,x  169370#,700#,7176#,2#,B-  -2085#,995#,87 181826#,751#
0 64,176,11,2  2,88 C,n,x  170930#,700#,7174#,2#,B-  -3039#,989#,88 183501#,751#
0 63,176,11,3  2,89 N,h,x  175550#,500#,7158#,2#,B-  -1915#,715#,89 188461#,537#
0 64,177,11,3  2,90 N,h,-a  178315#,469#,7152#,2#,B-   -416#,843#,90 191429#,503#
0 63,177,11,4  2,91 F,l,x  181500#,700#,7141#,2#,B-  -2680#,1015#,91 194848#,751#
0 62,177,11,5  2,92 M,c,x  186600#,700#,7124#,2#,B-  -1533#,1035#,92 200323#,751#
0 61,177,11,6  2,93 L,v,-a  190568#,515#,7111#,2#,B-  -3860#,933#,93 204583#,553#
0 60,177,11,7  2,94 T,s,-a  196397#,593#,7092#,2#,B-  -2923#,811#,94 210840#,637#
0 59,177,11,8  2,95 O,g,-a  201369#,655#,7076#,2#,B-      *,,95 216178#,703#
