N-Z,N,Z,A,El,Orig,MassExcess_keV,Error_keV,BindingPerA_keV,Error_BindingPerA_keV,BetaDecay_keV,Error_BetaDecay_keV,AtomicMass_u,Error_AtomicMass_u
1,a0,ssk,w,,,,AT,MICMAS,SADJU,TMENT,,,
0,,,,,,,,DATE3Mar,2021TIME22,41,,,
0,,**,***,***,**,*******,,A=,0TO295,,,,
1N-Z,,N,Z,A,EL,OMASS,XCESS,BINDINGENE,GY/A,ETA-DECAYENER,Y,ATOMICMASS,
0  1,,1,0,1,n,8071.3,8060.00,440.0,0.0,B-782.3470,0.0004,1008664.9159,0.00047
0  0,,1,1,2,H,13135.7,28950.00,0151112.283,0.0002,B-*,,2014101.7778,40.00001
0  1,,2,1,3,H,14949.8,0900.00,082827.265,0.0003,B-18.5920,0.00006,3016049.2813,0.00008
0  2,,3,1,4,H,-n24621.1,9100.00,1720.449,25.0000,B-22196.2131,100.0000,4026431.867,107.354
0  3,,4,1,5,H,-nn32892.4,789.44,1336.359,17.8885,B-21661.2131,91.6515,5035311.492,96.020
0  4,,5,1,6,H,-3n41875.7,5254.12,961.639,42.3545,B-24283.6294,254.1268,6044955.437,272.816
0  5,,6,1,7,H,-nn49135#,1004#,940#,143#,B-23062#,1004#,7052749#,1078#
0  4,,6,2,8,He,31609.6,30.08,3924.521,0.0111,B-10663.8784,0.1005,8033934.388,0.095
0  5,,7,2,9,He,40935.8,646.81,3349.038,5.2018,B-15980.9213,46.8169,9043946.414,50.259
0  6,,8,2,10,He,-nn49197.1,792.84,2995.134,9.2848,B-16144.5191,93.7152,10052815.306,99.676
0  5,,8,3,11,Li,x40728.2,90.61,4155.381,0.0559,B-20551.0898,0.6591,11043723.581,0.660
0  6,,9,3,12,Li,-n49009.5,730.00,3791.599,2.5005,B-23931.8152,30.0669,12052613.942,32.213
0  7,,0,3,13,Li,-nn56980.8,570.00,3507.630,5.3848,B-23321.8152,70.7391,13061171.503,75.150
0  6,,0,4,14,Be,x39954.5,2132.24,4993.897,9.4461,B-16290.8166,133.9357,14042892.920,141.970
0  7,,1,4,15,Be,-n49825.8,1165.79,4540.970,11.0532,B-20868.4411,167.1256,15053490.215,177.990
0  8,,2,4,16,Be,-nn57447.1,9165.79,4285.285,10.3623,B-20335.4399,167.6075,16061672.036,177.990
0  7,,2,5,17,B,x43716.3,2204.10,5269.667,12.0061,B-22684.4422,204.8410,17046931.399,219.114
0  8,,3,5,18,B,-n51792.6,0204.16,4976.630,11.3425,B-26873.3742,206.3572,18055601.683,219.180
0  9,,4,5,19,B,x59770.2,1525.36,4719.634,27.6507,B-27356.4961,534.4964,19064166.000,564.000
0 10,,5,5,20,B,-n69401.5,9546.35,4405.652,27.3178,B-31898.0019,593.0377,20074505.644,586.538
0 11,,6,5,21,B,-nn78382.8,7558.66,4152.526,26.6031,B-32740#,817#,21084147.485,599.750
0 10,,6,6,22,C,-nn53611.2,3231.49,5421.077,10.5223,B-21846.3983,311.0627,22057553.990,248.515
0 11,,7,6,23,C,x64171#,997#,5077#,43#,B-27450#,1082#,23068890#,1070#
0 10,,7,7,24,N,x46938#,401#,5887#,17#,B-28438#,433#,24050390#,430#
0 11,,8,7,25,N,x55983#,503#,5613#,20#,B-28654#,529#,25060100#,540#
0 10,,8,8,26,O,-nn34661.0,1164.95,6497.479,6.3442,B-15986.3855,196.6301,26037210.155,177.081
0 11,,9,8,27,O,x44670#,500#,6185#,19#,B-19536#,514#,27047955#,537#
0 12,,0,8,28,O,x52080#,699#,5988#,25#,B-18676#,709#,28055910#,750#
0 11,,0,9,29,F,x40150.1,0525.36,6444.031,18.1160,B-21750.3873,546.2212,29043103.000,564.000
0 12,,1,9,30,F,x48960#,500#,6205#,17#,B-25680#,561#,30052561#,537#
0 13,,2,9,31,F,-nn56843#,535#,6011#,17#,B-25661#,597#,31061023#,574#
0 12,,2,10,32,Ne,x36999#,503#,6671#,16#,B-18359#,504#,32039720#,540#
0 13,,3,10,33,Ne,x46130#,600#,6436#,18#,B-22350#,750#,33049523#,644#
0 14,,4,10,34,Ne,-nn52842#,513#,6287#,15#,B-21161#,789#,34056728#,551#
0 13,,4,11,35,Na,-n37831#,670#,6745#,19#,B-22192#,723#,35040614#,720#
0 14,,5,11,36,Na,-n45903#,687#,6557#,19#,B-25523#,974#,36049279#,737#
0 15,,6,11,37,Na,-nn53134#,687#,6403#,19#,B-24923#,980#,37057042#,737#
0 16,,7,11,38,Na,-n61905#,715#,6216#,19#,B-27831#,875#,38066458#,768#
0 17,,8,11,39,Na,-n69977#,743#,6056#,19#,B-27201#,903#,39075123#,797#
0 16,,8,12,40,Mg,x49550#,500#,6598#,13#,B-20729#,583#,40053194#,537#
0 17,,9,12,41,Mg,x58100#,500#,6425#,12#,B-23510#,640#,41062373#,537#
0 16,,9,13,42,Al,x41990#,500#,6829#,12#,B-25150#,583#,42045078#,537#
0 17,,0,13,43,Al,x48270#,600#,6712#,14#,B-23940#,721#,43051820#,644#
0 16,,0,14,44,Si,x29310#,500#,7156#,11#,B-18200#,640#,44031466#,537#
0 17,,1,14,45,Si,x37090#,600#,7004#,13#,B-21130#,781#,45039818#,644#
0 16,,1,15,46,P,x22840#,500#,7320#,11#,B-22200#,640#,46024520#,537#
0 17,,2,15,47,P,x28810#,600#,7209#,13#,B-21610#,721#,47030929#,644#
0 16,,2,16,48,S,x12390#,500#,7552#,10#,B-16670#,707#,48013301#,537#
0 17,,3,16,49,S,-n20391#,583#,7400#,12#,B-19652#,707#,49021891#,626#
0 16,,3,17,50,Cl,x7700#,400#,7651#,8#,B-20930#,640#,50008266#,429#
0 17,,4,17,51,Cl,x14290#,700#,7530#,14#,B-20780#,806#,51015341#,751#
0 18,,5,17,52,Cl,x22360#,700#,7386#,13#,B-23739#,922#,52024004#,751#
0 17,,5,18,53,Ar,x6791#,699#,7677#,13#,B-19086#,708#,53007290#,750#
0 18,,6,18,54,Ar,x12560#,800#,7578#,15#,B-17710#,894#,54013484#,859#
0 17,,6,19,55,K,x470#,500#,7792#,9#,B-19121#,525#,55000505#,537#
0 18,,7,19,56,K,x7980#,600#,7663#,11#,B-21491#,650#,56008567#,644#
0 19,,8,19,57,K,x14130#,600#,7563#,11#,B-20689#,721#,57015169#,644#
0 20,,9,19,58,K,x21930#,700#,7437#,12#,B-23461#,860#,58023543#,751#
0 21,,0,19,59,K,x28750#,800#,7332#,14#,B-22940#,1000#,59030864#,859#
0 20,,0,20,60,Ca,x11000#,700#,7627#,12#,B-15550#,860#,60011809#,751#
0 21,,1,20,61,Ca,x19010#,800#,7503#,13#,B-18510#,1000#,61020408#,859#
0 20,,1,21,62,Sc,x7310#,600#,7688#,10#,B-19510#,721#,62007848#,644#
0 21,,2,21,63,Sc,x13070#,700#,7603#,11#,B-18930#,860#,63014031#,751#
0 20,,2,22,64,Ti,x-1480#,600#,7826#,9#,B-14840#,721#,63998411#,644#
0 21,,3,22,65,Ti,x5210#,700#,7726#,11#,B-17320#,860#,65005593#,751#
0 20,,3,23,66,V,x-6300#,500#,7894#,8#,B-18840#,583#,65993237#,537#
0 21,,4,23,67,V,x-1744#,600#,7829#,9#,B-17526#,721#,66998128#,644#
0 20,,4,24,68,Cr,x-15690#,500#,8026#,7#,B-13230#,583#,67983156#,537#
0 21,,5,24,69,Cr,x-9630#,500#,7939#,7#,B-15730#,640#,68989662#,537#
0 22,,6,24,70,Cr,x-5640#,600#,7884#,9#,B-14810#,781#,69993945#,644#
0 21,,6,25,71,Mn,x-16620#,500#,8030#,7#,B-15310#,640#,70982158#,537#
0 22,,7,25,72,Mn,x-11170#,600#,7955#,8#,B-18080#,781#,71988009#,644#
0 23,,8,25,73,Mn,x-6700#,600#,7895#,8#,B-17289#,781#,72992807#,644#
0 22,,8,26,74,Fe,x-20660#,500#,8076#,7#,B-12881#,640#,73977821#,537#
0 23,,9,26,75,Fe,x-14700#,600#,7996#,8#,B-15861#,721#,74984219#,644#
0 24,,0,26,76,Fe,x-10590#,600#,7943#,8#,B-15070#,781#,75988631#,644#
0 23,,0,27,77,Co,x-21910#,600#,8082#,8#,B-15440#,721#,76976479#,644#
0 24,,1,27,78,Co,x-15320#,700#,7997#,9#,B-19560#,806#,77983553#,751#
0 23,,1,28,79,Ni,x-28160#,500#,8150#,6#,B-14248#,511#,78969769#,537#
0 24,,2,28,80,Ni,x-23240#,600#,8088#,7#,B-13440#,671#,79975051#,644#
0 25,,3,28,81,Ni,x-16090#,700#,8000#,9#,B-15820#,761#,80982727#,751#
0 26,,4,28,82,Ni,x-10720#,800#,7935#,10#,B-15010#,894#,81988492#,859#
0 25,,4,29,83,Cu,x-20390#,500#,8044#,6#,B-15900#,583#,82978110#,537#
0 26,,5,29,84,Cu,x-13720#,500#,7965#,6#,B-18110#,640#,83985271#,537#
0 25,,5,30,85,Zn,x-25100#,500#,8090#,6#,B-14644#,502#,84973054#,537#
0 26,,6,30,86,Zn,x-20062#,500#,8032#,6#,B-13699#,640#,85978463#,537#
0 25,,6,31,87,Ga,x-28870#,500#,8124#,6#,B-14720#,583#,86969007#,537#
0 26,,7,31,88,Ga,x-22390#,500#,8050#,6#,B-17129#,640#,87975963#,537#
0 25,,7,32,89,Ge,x-33040#,400#,8161#,4#,B-13490#,500#,88964530#,429#
0 26,,8,32,90,Ge,x-28470#,500#,8109#,6#,B-12520#,640#,89969436#,537#
0 25,,8,33,91,As,x-36500#,400#,8189#,4#,B-14080#,589#,90960816#,429#
0 26,,9,33,92,As,x-30380#,500#,8121#,5#,B-16344#,640#,91967386#,537#
0 25,,9,34,93,Se,x-40860#,400#,8225#,4#,B-12030#,588#,92956135#,429#
0 26,,0,34,94,Se,x-36803#,500#,8180#,5#,B-10846#,539#,93960490#,537#
0 27,,1,34,95,Se,x-30460#,500#,8112#,5#,B-13390#,583#,94967300#,537#
0 26,,1,35,96,Br,x-38210#,300#,8184#,3#,B-14872#,301#,95958980#,322#
0 27,,2,35,97,Br,x-34000#,400#,8140#,4#,B-13423#,420#,96963499#,429#
0 28,,3,35,98,Br,x-28050#,400#,8078#,4#,B-16070#,500#,97969887#,429#
0 27,,3,36,99,Kr,x-38400#,400#,8175#,4#,B-12721#,400#,98958776#,429#
0 28,,4,36,100,Kr,x-34470#,400#,8134#,4#,B-11796#,400#,99962995#,429#
0 29,,5,36,101,Kr,x-28580#,500#,8075#,5#,B-13987#,501#,00969318#,537#
0 28,,5,37,102,Rb,x-37252.3,282.90,8152.744,0.8128,B-14906.9991,106.6347,01960008.000,89.000
0 29,,6,37,103,Rb,x-33160#,400#,8112#,4#,B-14120#,447#,02964401#,429#
0 30,,7,37,104,Rb,x-27450#,500#,8057#,5#,B-16310#,583#,03970531#,537#
0 29,,7,38,105,Sr,x-38190#,500#,8152#,5#,B-12380#,640#,04959001#,537#
0 30,,8,38,106,Sr,x-34300#,600#,8114#,6#,B-11490#,781#,05963177#,644#
0 31,,9,38,107,Sr,x-28250#,700#,8057#,7#,B-13720#,860#,06969672#,751#
0 30,,9,39,108,Y,x-36780#,600#,8129#,6#,B-14170#,721#,07960515#,644#
0 31,,0,39,109,Y,x-32480#,700#,8089#,6#,B-13250#,860#,08965131#,751#
0 30,,0,40,110,Zr,x-42220#,500#,8171#,5#,B-10090#,976#,09954675#,537#
0 31,,1,40,111,Zr,x-36480#,600#,8118#,5#,B-12480#,671#,10960837#,644#
0 32,,2,40,112,Zr,x-32420#,700#,8081#,6#,B-11650#,761#,11965196#,751#
0 33,,3,40,113,Zr,x-26340#,300#,8027#,3#,B-13870#,500#,12971723#,322#
0 32,,3,41,114,Nb,x-34960#,500#,8097#,4#,B-14720#,583#,13962469#,537#
0 33,,4,41,115,Nb,x-30880#,500#,8061#,4#,B-13670#,640#,14966849#,537#
0 34,,5,41,116,Nb,x-25230#,300#,8012#,3#,B-15980#,583#,15972914#,322#
0 33,,5,42,117,Mo,x-35689#,500#,8096#,4#,B-12450#,640#,16961686#,537#
0 34,,6,42,118,Mo,x-32370#,500#,8067#,4#,B-10920#,640#,17965249#,537#
0 35,,7,42,119,Mo,x-26580#,300#,8019#,3#,B-13590#,583#,18971465#,322#
0 34,,7,43,120,Tc,x-35000#,500#,8083#,4#,B-14720#,640#,19962426#,537#
0 35,,8,43,121,Tc,x-31540#,500#,8054#,4#,B-13080#,640#,20966140#,537#
0 36,,9,43,122,Tc,x-26305#,300#,8011#,2#,B-15475#,583#,21971760#,322#
0 35,,9,44,123,Ru,x-36550#,500#,8089#,4#,B-12640#,640#,22960762#,537#
0 36,,0,44,124,Ru,x-33590#,600#,8065#,5#,B-11120#,721#,23963940#,644#
0 37,,1,44,125,Ru,x-28370#,300#,8023#,2#,B-13460#,583#,24969544#,322#
0 36,,1,45,126,Rh,x-37200#,500#,8087#,4#,B-14590#,640#,25960064#,537#
0 37,,2,45,127,Rh,x-33730#,600#,8060#,5#,B-13490#,781#,26963789#,644#
0 38,,3,45,128,Rh,x-27340#,300#,8010#,2#,B-17050#,583#,27970649#,322#
0 37,,3,46,129,Pd,x-37880#,600#,8086#,5#,B-13990#,721#,28959334#,644#
0 38,,4,46,130,Pd,x-32730#,300#,8046#,2#,B-13168#,520#,29964863#,322#
0 39,,5,46,131,Pd,x-25740#,300#,7993#,2#,B-15010#,583#,30972367#,322#
0 38,,5,47,132,Ag,x-34400#,500#,8053#,4#,B-16065#,504#,31963070#,537#
0 39,,6,47,133,Ag,x-29080#,500#,8013#,4#,B-15059#,539#,32968781#,537#
0 38,,6,48,134,Cd,x-39460#,300#,8086#,2#,B-12510#,361#,33957638#,322#
0 39,,7,48,135,Cd,x-32820#,400#,8036#,3#,B-14290#,500#,34964766#,429#
0 38,,7,49,136,In,x-40970#,300#,8091#,2#,B-15200#,361#,35956017#,322#
0 39,,8,49,137,In,x-35830#,400#,8053#,3#,B-14320#,500#,36961535#,429#
0 38,,8,50,138,Sn,x-45510#,400#,8118#,3#,B-9140#,500#,37951143#,429#
0 39,,9,50,139,Sn,x-39310#,400#,8073#,3#,B-10740#,565#,38957799#,429#
0 40,,0,50,140,Sn,x-34490#,300#,8038#,2#,B-9900#,671#,39962973#,322#
0 39,,0,51,141,Sb,x-39540#,500#,8069#,4#,B-11129#,640#,40957552#,537#
0 40,,1,51,142,Sb,x-33610#,300#,8027#,2#,B-12939#,583#,41963918#,322#
0 39,,1,52,143,Te,x-40530#,500#,8070#,3#,B-10259#,539#,42956489#,537#
0 40,,2,52,144,Te,x-36220#,300#,8040#,2#,B-9110#,500#,43961116#,322#
0 41,,3,52,145,Te,x-30010#,300#,7998#,2#,B-11120#,583#,44967783#,322#
0 40,,3,53,146,I,x-35540#,300#,8031#,2#,B-12415#,301#,45961846#,322#
0 41,,4,53,147,I,x-31200#,300#,8001#,2#,B-11199#,361#,46966505#,322#
0 40,,4,54,148,Xe,x-38650#,300#,8047#,2#,B-8261#,300#,47958508#,322#
0 41,,5,54,149,Xe,x-33000#,300#,8009#,2#,B-10300#,500#,48964573#,322#
0 42,,6,54,150,Xe,x-28990#,300#,7983#,2#,B-9180#,500#,49968878#,322#
0 41,,6,55,151,Cs,x-34280#,500#,8013#,3#,B-10660#,640#,50963199#,537#
0 42,,7,55,152,Cs,x-29130#,500#,7980#,3#,B-12480#,640#,51968728#,537#
0 41,,7,56,153,Ba,x-36470#,400#,8023#,3#,B-9590#,500#,52960848#,429#
0 42,,8,56,154,Ba,x-32920#,500#,8001#,3#,B-8610#,583#,53964659#,537#
0 41,,8,57,155,La,x-37930#,400#,8028#,3#,B-9850#,500#,54959280#,429#
0 42,,9,57,156,La,x-33050#,400#,7997#,3#,B-11769#,500#,55964519#,429#
0 43,1,0,57,157,La,x-29070#,300#,7972#,2#,B-10860#,500#,56968792#,322#
0 42,1,0,58,158,Ce,x-36540#,400#,8015#,3#,B-7610#,500#,57960773#,429#
0 43,1,1,58,159,Ce,x-31340#,500#,7983#,3#,B-9430#,640#,58966355#,537#
0 42,1,1,59,160,Pr,x-36200#,400#,8009#,2#,B-10525#,402#,59961138#,429#
0 43,1,2,59,161,Pr,x-32490#,500#,7986#,3#,B-9741#,640#,60965121#,537#
0 42,1,2,60,162,Nd,x-39010#,400#,8022#,2#,B-7030#,500#,61958121#,429#
0 43,1,3,60,163,Nd,x-34080#,500#,7992#,3#,B-8880#,640#,62963414#,537#
0 42,1,3,61,164,Pm,x-38360#,400#,8014#,2#,B-9565#,400#,63958819#,429#
0 43,1,4,61,165,Pm,x-34670#,500#,7992#,3#,B-8840#,640#,64962780#,537#
0 42,1,4,62,166,Sm,x-40450#,400#,8023#,2#,B-6299#,412#,65956575#,429#
0 43,1,5,62,167,Sm,x-35330#,500#,7992#,3#,B-8440#,640#,66962072#,537#
0 44,1,6,62,168,Sm,x-31640#,300#,7971#,2#,B-7610#,500#,67966033#,322#
0 43,1,6,63,169,Eu,x-35660#,500#,7991#,3#,B-8230#,640#,68961717#,537#
0 44,1,7,63,170,Eu,x-30860#,500#,7963#,3#,B-9989#,707#,69966870#,537#
0 43,1,7,64,171,Gd,x-36210#,500#,7990#,3#,B-7560#,640#,70961127#,537#
0 44,1,8,64,172,Gd,x-32970#,300#,7972#,2#,B-6720#,583#,71964605#,322#
0 43,1,8,65,173,Tb,x-36510#,500#,7988#,3#,B-7230#,640#,72960805#,537#
0 44,1,9,65,174,Tb,x-31970#,500#,7963#,3#,B-9160#,707#,73965679#,537#
0 43,1,9,66,175,Dy,x-36730#,500#,7986#,3#,B-6570#,640#,74960569#,537#
0 44,1,0,66,176,Dy,x-33610#,500#,7969#,3#,B-5780#,707#,75963918#,537#
0 43,1,0,67,177,Ho,x-36280#,500#,7980#,3#,B-6578#,709#,76961052#,537#
0 44,1,1,67,178,Ho,x-32130#,500#,7957#,3#,B-8130#,778#,77965507#,537#
0 43,1,1,68,179,Er,x-36080#,500#,7976#,3#,B-5821#,640#,78961267#,537#
0 44,1,2,68,180,Er,x-33180#,500#,7960#,3#,B-4990#,640#,79964380#,537#
0 43,1,2,69,181,Tm,x-35440#,500#,7969#,3#,B-5649#,582#,80961954#,537#
0 44,1,3,69,182,Tm,x-31490#,500#,7948#,3#,B-7410#,640#,81966194#,537#
0 43,1,3,70,183,Yb,x-35000#,400#,7963#,2#,B-4716#,408#,82962426#,429#
0 44,1,4,70,184,Yb,x-32600#,503#,7951#,3#,B-3700#,541#,83965002#,540#
0 45,1,5,70,185,Yb,x-28480#,500#,7929#,3#,B-5480#,583#,84969425#,537#
0 44,1,5,71,186,Lu,x-30320#,400#,7936#,2#,B-6104#,403#,85967450#,429#
0 45,1,6,71,187,Lu,x-27770#,400#,7923#,2#,B-5230#,447#,86970188#,429#
0 46,1,7,71,188,Lu,x-23820#,400#,7903#,2#,B-7009#,500#,87974428#,429#
0 45,1,7,72,189,Hf,x-27150#,300#,7917#,2#,B-4809#,361#,88970853#,322#
0 46,1,8,72,190,Hf,x-24800#,400#,7905#,2#,B-3920#,447#,89973376#,429#
0 45,1,8,73,191,Ta,x-26520#,300#,7911#,2#,B-4657#,303#,90971530#,322#
0 46,1,9,73,192,Ta,x-23100#,400#,7894#,2#,B-6520#,447#,91975201#,429#
0 47,1,0,73,193,Ta,x-20810#,400#,7883#,2#,B-5380#,447#,92977660#,429#
0 48,1,1,73,194,Ta,x-17130#,500#,7865#,3#,B-7280#,583#,93981610#,537#
0 47,1,1,74,195,W,x-20740#,300#,7881#,2#,B-4820#,424#,94977735#,322#
0 48,1,2,74,196,W,x-18740#,400#,7872#,2#,B-3620#,500#,95979882#,429#
0 49,1,3,74,197,W,x-14870#,400#,7853#,2#,B-5480#,500#,96984036#,429#
0 48,1,3,75,198,Re,x-16990#,400#,7861#,2#,B-6610#,447#,97981760#,429#
0 49,1,4,75,199,Re,x-14730#,400#,7850#,2#,B-5541#,447#,98984187#,429#
0 48,1,4,76,200,Os,x-18550#,300#,7867#,1#,B-3020#,358#,99980086#,322#
0 49,1,5,76,201,Os,x-14840#,300#,7849#,1#,B-5000#,361#,00984069#,322#
0 50,1,6,76,202,Os,x-12530#,400#,7839#,2#,B-4110#,500#,01986548#,429#
0 51,1,7,76,203,Os,x-7270#,400#,7814#,2#,B-7100#,565#,02992195#,429#
0 50,1,7,77,204,Ir,x-9570#,400#,7823#,2#,B-8050#,447#,03989726#,429#
0 51,1,8,77,205,Ir,x-5600#,500#,7805#,2#,B-7220#,583#,04993988#,537#
0 50,1,8,78,206,Pt,x-9240#,300#,7820#,1#,B-4950#,424#,05990080#,322#
0 51,1,9,78,207,Pt,x-4140#,400#,7797#,2#,B-6501#,500#,06995556#,429#
0 52,1,0,78,208,Pt,x-500#,400#,7780#,2#,B-5410#,500#,07999463#,429#
0 51,1,0,79,209,Au,x-2230#,400#,7786#,2#,B-6380#,427#,08997606#,429#
0 52,1,1,79,210,Au,x2680#,400#,7764#,2#,B-7980#,447#,10002877#,429#
0 51,1,1,80,211,Hg,x-390#,200#,7777#,1#,B-5688#,205#,10999581#,215#
0 52,1,2,80,212,Hg,x3020#,300#,7762#,1#,B-4571#,361#,12003242#,322#
0 53,1,3,80,213,Hg,x8200#,300#,7739#,1#,B-6416#,301#,13008803#,322#
0 54,1,4,80,214,Hg,x11770#,400#,7724#,2#,B-5306#,445#,14012636#,429#
0 55,1,5,80,215,Hg,x17110#,400#,7701#,2#,B-7079#,500#,15018368#,429#
0 56,1,6,80,216,Hg,x20920#,400#,7685#,2#,B-6050#,500#,16022459#,429#
0 55,1,6,81,217,Tl,x18660#,400#,7693#,2#,B-6399#,500#,17020032#,429#
0 56,1,7,81,218,Tl,x23710#,400#,7672#,2#,B-8081#,500#,18025454#,429#
0 55,1,7,82,219,Pb,x20620#,400#,7684#,2#,B-4300#,447#,19022136#,429#
0 56,1,8,82,220,Pb,x24130#,400#,7670#,2#,B-3171#,500#,20025905#,429#
0 55,1,8,83,221,Bi,x24200#,300#,7668#,1#,B-4426#,301#,21025980#,322#
0 56,1,9,83,222,Bi,x28950#,300#,7648#,1#,B-6464#,303#,22031079#,322#
0 57,1,0,83,223,Bi,x32240#,400#,7636#,2#,B-5161#,445#,23034611#,429#
0 58,1,1,83,224,Bi,x37070#,400#,7616#,2#,B-7159#,445#,24039796#,429#
0 57,1,1,84,225,Po,x34580#,300#,7626#,1#,B-4280#,424#,25037123#,322#
0 58,1,2,84,226,Po,x37549#,401#,7614#,2#,B-2889#,500#,26040310#,430#
0 59,1,3,84,227,Po,x42281#,401#,7596#,2#,B-4850#,500#,27045390#,430#
0 58,1,3,85,228,At,x41880#,400#,7596#,2#,B-6637#,400#,28044960#,429#
0 59,1,4,85,229,At,x44890#,400#,7585#,2#,B-5527#,400#,29048191#,429#
0 58,1,4,86,230,Rn,x42170#,200#,7595#,1#,B-2683#,200#,30045271#,215#
0 59,1,5,86,231,Rn,x46550#,300#,7579#,1#,B-4469#,300#,31049973#,322#
0 58,1,5,87,232,Fr,x46072.8,413.97,7579.348,0.0602,B-5575.8791,16.7023,32049461.219,15.000
0 59,1,6,87,233,Fr,x48920.0,219.56,7569.239,0.0840,B-4585.9906,21.3694,33052517.833,21.000
0 58,1,6,88,234,Ra,x46930.6,98.38,7576.543,0.0358,B-2089.4348,16.2945,34050382.100,9.000
0 59,1,7,88,235,Ra,x51130#,300#,7561#,1#,B-3773#,300#,35054890#,322#
0 58,1,7,89,236,Ac,x51220.9,838.19,7559.242,0.1618,B-4965.7951,40.6669,36054988.000,41.000
0 59,1,8,89,237,Ac,x54020#,400#,7550#,2#,B-4065#,400#,37057993#,429#
0 58,1,8,90,238,Th,+a52525#,283#,7555#,1#,B-1631#,284#,38056388#,304#
0 59,1,9,90,239,Th,x56500#,400#,7540#,2#,B-3162#,445#,39060655#,429#
0 58,1,9,91,240,Pa,x57010#,200#,7537#,1#,B-4295#,200#,40061203#,215#
0 59,1,0,91,241,Pa,x59740#,300#,7528#,1#,B-3543#,358#,41064134#,322#
0 58,1,0,92,242,U,+a58620#,201#,7532#,1#,B-1203#,283#,42062931#,215#
0 59,1,1,92,243,U,x62480#,300#,7518#,1#,B-2674#,302#,43067075#,322#
0 58,1,1,93,244,Np,x63240#,100#,7514#,0#,B-3434#,100#,44067891#,107#
0 59,1,2,93,245,Np,x65850#,200#,7506#,1#,B-2672#,201#,45070693#,215#
0 58,1,2,94,246,Pu,65394.7,214.98,7506.540,0.0609,B-401#,14#,46070204.172,16.087
0 59,1,3,94,247,Pu,x69210#,200#,7493#,1#,B-2057#,224#,47074300#,215#
0 58,1,3,95,248,Am,+70563#,200#,7487#,1#,B-3170#,200#,48075752#,215#
0 59,1,4,95,249,Am,x73104#,298#,7479#,1#,B-2353#,298#,49078480#,320#
0 58,1,4,96,250,Cm,-nn72989.5,810.27,7478.938,0.0411,B-37.5820,10.6414,50078357.541,11.029
0 59,1,5,96,251,Cm,+76647.9,122.69,7466.723,0.0904,B-1420.0000,20.0000,51082284.988,24.367
0 60,1,6,96,252,Cm,x79056#,298#,7460#,1#,B-521#,359#,52084870#,320#
0 59,1,6,97,253,Bk,-a80929#,359#,7451#,1#,B-1627#,359#,53086880#,385#
0 60,1,7,97,254,Bk,x84393#,298#,7440#,1#,B-3052#,298#,54090600#,320#
0 59,1,7,98,255,Cf,+84809#,200#,7438#,1#,B-720#,200#,55091046#,215#
0 60,1,8,98,256,Cf,-a87041#,314#,7432#,1#,B--144#,330#,56093442#,338#
0 59,1,8,99,257,Es,-a89403#,411#,7422#,2#,B-813#,411#,57095979#,441#
0 60,1,9,99,258,Es,x92702#,401#,7412#,2#,B-2276#,448#,58099520#,430#
0 59,1,9,00,259,Fm,-a93704#,283#,7407#,1#,B-140#,300#,59100596#,304#
0 60,1,0,00,260,Fm,-a95766#,435#,7402#,2#,B--784#,537#,60102809#,467#
0 59,1,0,01,261,Md,-a98578#,509#,7391#,2#,B-123#,547#,61105828#,546#
0 60,1,1,01,262,Md,-a101667#,448#,7382#,2#,B-1566#,575#,62109144#,481#
0 59,1,1,02,263,No,-a103129#,490#,7376#,2#,B--540#,539#,63110714#,526#
0 60,1,2,02,264,No,-a105011#,591#,7371#,2#,B--1364#,734#,64112734#,634#
0 59,1,2,03,265,Lr,-a108233#,547#,7359#,2#,B--457#,655#,65116193#,587#
0 60,1,3,03,266,Lr,-a111662#,539#,7349#,2#,B-1526#,679#,66119874#,579#
0 59,1,3,04,267,Rf,-a113444#,575#,7342#,2#,B--570#,686#,67121787#,617#
0 60,1,4,04,268,Rf,-a115476#,662#,7337#,2#,B--1584#,848#,68123968#,711#
0 59,1,4,05,269,Db,-a119148#,624#,7323#,2#,B--544#,724#,69127911#,669#
0 60,1,5,05,270,Db,-a122397#,575#,7314#,2#,B-966#,735#,70131399#,617#
0 59,1,5,06,271,Sg,-a124617#,591#,7305#,2#,B--1242#,705#,71133782#,634#
0 60,1,6,06,272,Sg,-a126520#,692#,7301#,3#,B--2267#,873#,72135825#,743#
0 61,1,7,06,273,Sg,x129920#,400#,7292#,1#,B--763#,767#,73139475#,429#
0 60,1,7,07,274,Bh,-a133762#,578#,7278#,2#,B-356#,744#,74143599#,620#
0 61,1,8,07,275,Bh,x135780#,600#,7273#,2#,B--712#,844#,75145766#,644#
0 62,1,9,07,276,Bh,x138950#,600#,7265#,2#,B-765#,937#,76149169#,644#
0 63,1,0,07,277,Bh,x141100#,600#,7260#,2#,B--275#,748#,77151477#,644#
0 64,1,1,07,278,Bh,x144370#,400#,7251#,1#,B-1150#,500#,78154988#,429#
0 63,1,1,08,279,Hs,x146500#,600#,7243#,2#,B--1085#,900#,79157274#,644#
0 64,1,2,08,280,Hs,x148420#,600#,7239#,2#,B--2090#,848#,80159335#,644#
0 63,1,2,09,281,Mt,x152400#,600#,7225#,2#,B--873#,776#,81163608#,644#
0 64,1,3,09,282,Mt,-a155455#,447#,7218#,2#,B-665#,538#,82166888#,480#
0 63,1,3,10,283,Ds,x157830#,500#,7210#,2#,B--1550#,843#,83169437#,537#
0 64,1,4,10,284,Ds,x159460#,500#,7207#,2#,B--2510#,707#,84171187#,537#
0 63,1,4,11,285,Rg,x163730#,600#,7192#,2#,B--1357#,785#,85175771#,644#
0 64,1,5,11,286,Rg,-a166510#,458#,7185#,2#,B-61#,836#,86178756#,492#
0 63,1,5,12,287,Cn,x169370#,700#,7176#,2#,B--2085#,995#,87181826#,751#
0 64,1,6,12,288,Cn,x170930#,700#,7174#,2#,B--3039#,989#,88183501#,751#
0 63,1,6,13,289,Nh,x175550#,500#,7158#,2#,B--1915#,715#,89188461#,537#
0 64,1,7,13,290,Nh,-a178315#,469#,7152#,2#,B--416#,843#,90191429#,503#
0 63,1,7,14,291,Fl,x181500#,700#,7141#,2#,B--2680#,1015#,91194848#,751#
0 62,1,7,15,292,Mc,x186600#,700#,7124#,2#,B--1533#,1035#,92200323#,751#
0 61,1,7,16,293,Lv,-a190568#,515#,7111#,2#,B--3860#,933#,93204583#,553#
0 60,1,7,17,294,Ts,-a196397#,593#,7092#,2#,B--2923#,811#,94210840#,637#
0 59,1,7,18,295,Og,-a201369#,655#,7076#,2#,B-*,,95216178#,703#
