Z,k,E_eV
1,0,13.598434599702
1,0,13.602134636569
1,0,13.603365719
2,0,24.587389011
2,0,24.58609272
2,1,54.4177655282
2,1,54.415324912
3,0,5.391714996
3,1,75.640097
3,2,122.45435913
4,0,9.322699
4,1,18.21115
4,2,153.896205
4,3,217.71858459
5,0,8.298019
5,0,8.298022
5,0,8.298019
5,1,25.15483
5,2,37.93059
5,3,259.374379
5,4,340.2260225
6,0,11.260288
6,1,24.383143
6,2,47.88778
6,3,64.49352
6,4,392.09056
6,5,489.99320779
7,0,14.53413
7,1,29.60125
7,2,47.4453
7,3,77.4735
7,4,97.8901
7,5,552.06741
7,6,667.0461377
8,0,13.618055
8,1,35.12112
8,2,54.93554
8,3,77.4135
8,4,113.899
8,5,138.1189
8,6,739.32697
8,7,871.4099138
9,0,17.42282
9,1,34.97081
9,2,62.70798
9,3,87.175
9,4,114.249
9,5,157.16311
9,6,185.1868
9,7,953.8983
9,8,1103.1175302
10,0,21.564541
10,1,40.96297
10,2,63.4233
10,3,97.19
10,4,126.247
10,5,157.934
10,6,207.271
10,7,239.097
10,8,1195.8082
10,9,1362.199256
11,0,5.13907696
11,1,47.28636
11,2,71.62
11,3,98.936
11,4,138.404
11,5,172.23
11,6,208.504
11,7,264.192
11,8,299.856
11,9,1465.0992
11,10,1648.702285
12,0,7.646236
12,1,15.035271
12,2,80.1436
12,3,109.2654
12,4,141.33
12,5,186.76
12,6,225.02
12,7,265.924
12,8,327.99
12,9,367.489
12,10,1761.8049
12,11,1962.663889
13,0,5.985769
13,1,18.82855
13,2,28.447642
13,3,119.9924
13,4,153.8252
13,5,190.49
13,6,241.76
13,7,284.64
13,8,330.21
13,9,398.65
13,10,442.005
13,11,2085.97693
13,12,2304.140359
14,0,8.15168
14,1,16.34585
14,2,33.493
14,3,45.14179
14,4,166.767
14,5,205.279
14,6,246.57
14,7,303.59
14,8,351.28
14,9,401.38
14,10,476.273
14,11,523.415
14,12,2437.65805
14,13,2673.177958
15,0,10.486686
15,1,19.76949
15,2,30.20264
15,3,51.44387
15,4,65.02511
15,5,220.43
15,6,263.57
15,7,309.6
15,8,372.31
15,9,424.4
15,10,479.44
15,11,560.62
15,12,611.741
15,13,2816.90868
15,14,3069.842145
16,0,10.3600167
16,1,23.33788
16,2,34.86
16,3,47.222
16,4,72.5945
16,5,88.0529
16,6,280.954
16,7,328.794
16,8,379.84
16,9,447.7
16,10,504.55
16,11,564.41
16,12,651.96
16,13,706.994
16,14,3223.78057
16,15,3494.188518
17,0,12.967633
17,1,23.81364
17,2,39.8
17,3,53.24
17,4,67.68
17,5,96.94
17,6,114.2013
17,7,348.306
17,8,400.851
17,9,456.7
17,10,530.0
17,11,591.58
17,12,656.3
17,13,750.23
17,14,809.198
17,15,3658.34366
17,16,3946.29179
18,0,15.7596119
18,1,27.62967
18,2,40.735
18,3,59.58
18,4,74.84
18,5,91.29
18,6,124.41
18,7,143.4567
18,8,422.6
18,9,479.76
18,10,540.4
18,11,619.0
18,12,685.5
18,13,755.13
18,14,855.5
18,15,918.375
18,16,4120.66559
18,17,4426.22407
19,0,4.34066373
19,0,4.34066373
19,1,31.625
19,2,45.8031
19,3,60.917
19,4,82.66
19,5,99.44
19,6,117.56
19,7,154.87
19,8,175.8174
19,9,503.67
19,10,565.6
19,11,631.1
19,12,714.7
19,13,786.3
19,14,860.92
19,15,967.7
19,16,1034.542
19,17,4610.80714
19,18,4934.04979
20,0,6.113154921
20,1,11.871719
20,2,50.91316
20,3,67.2732
20,4,84.34
20,5,108.78
20,6,127.21
20,7,147.24
20,8,188.54
20,9,211.275
20,10,591.6
20,11,658.2
20,12,728.6
20,13,817.2
20,14,894.0
20,15,973.7
20,16,1086.8
20,17,1157.726
20,18,5128.8576
20,19,5469.86358
21,0,6.56149
21,1,12.79977
21,2,24.756839
21,3,73.4894
21,4,91.95
21,5,110.68
21,6,137.99
21,7,158.08
21,8,180.03
21,9,225.18
21,10,249.798
21,11,687.36
21,12,757.7
21,13,833.2
21,14,926.5
21,15,1008.6
21,16,1093.5
21,17,1213.1
21,18,1287.957
21,19,5674.9036
21,20,6033.75643
22,0,6.82812
22,1,13.5755
22,2,27.49171
22,3,43.26717
22,4,99.299
22,5,119.533
22,6,140.68
22,7,170.5
22,8,192.1
22,9,215.92
22,10,265.07
22,11,291.5
22,12,787.67
22,13,864.0
22,14,944.5
22,15,1042.5
22,16,1130.2
22,17,1220.3
22,18,1346.3
22,19,1425.257
22,20,6249.0226
22,21,6625.81023
23,0,6.746187
23,1,14.634
23,2,29.3111
23,3,46.709
23,4,65.28165
23,5,128.125
23,6,150.72
23,7,173.55
23,8,206.0
23,9,230.5
23,10,254.8
23,11,308.5
23,12,336.274
23,13,896.0
23,14,977.2
23,15,1062.9
23,16,1165.2
23,17,1258.9
23,18,1354.2
23,19,1486.7
23,20,1569.656
23,21,6851.3112
23,22,7246.12624
24,0,6.76651
24,1,16.486305
24,2,30.959
24,3,49.16
24,4,69.46
24,5,90.6349
24,6,160.29
24,7,184.76
24,8,209.5
24,9,244.5
24,10,270.8
24,11,296.7
24,12,354.7
24,13,384.163
24,14,1011.6
24,15,1097.2
24,16,1188.0
24,17,1294.8
24,18,1394.5
24,19,1495.1
24,20,1634.1
24,21,1721.183
24,22,7481.8624
24,23,7894.80289
25,0,7.434038
25,1,15.63999
25,2,33.668
25,3,51.21
25,4,72.41
25,5,95.604
25,6,119.203
25,7,195.5
25,8,221.89
25,9,248.6
25,10,286.1
25,11,314.4
25,12,343.6
25,13,402.95
25,14,435.172
25,15,1133.7
25,16,1224.1
25,17,1320.3
25,18,1430.9
25,19,1537.2
25,20,1643.2
25,21,1788.7
25,22,1879.873
25,23,8140.7864
25,24,8571.95438
26,0,7.9024681
26,1,16.19921
26,2,30.651
26,3,54.91
26,4,75.0
26,5,98.985
26,6,124.9671
26,7,151.06
26,8,233.6
26,9,262.1
26,10,290.9
26,11,330.8
26,12,361.0
26,13,392.2
26,14,456.2
26,15,489.312
26,16,1262.7
26,17,1357.8
26,18,1460.0
26,19,1575.6
26,20,1687.0
26,21,1798.4
26,22,1950.4
26,23,2045.759
26,24,8828.1864
26,25,9277.6886
27,0,7.88101
27,1,17.0844
27,2,33.5
27,3,51.27
27,4,79.5
27,5,102.0
27,6,128.9
27,7,157.8
27,8,186.14
27,9,275.4
27,10,305.32
27,11,336.1
27,12,378.5
27,13,410.0
27,14,441.1
27,15,511.96
27,16,546.588
27,17,1397.2
27,18,1504.5
27,19,1606.0
27,20,1724.0
27,21,1844.0
27,22,1960.8
27,23,2119.4
27,24,2218.876
27,25,9544.1817
27,26,10012.1297
28,0,7.639878
28,1,18.168838
28,2,35.187
28,3,54.92
28,4,76.06
28,5,108.0
28,6,132.0
28,7,162.0
28,8,193.2
28,9,224.7
28,10,319.5
28,11,351.6
28,12,384.5
28,13,429.3
28,14,462.8
28,15,495.4
28,16,571.07
28,17,607.02
28,18,1540.1
28,19,1646.0
28,20,1758.0
28,21,1880.0
28,22,2008.1
28,23,2130.5
28,24,2295.6
28,25,2399.259
28,26,10288.8848
28,27,10775.3948
29,0,7.72638
29,1,20.29239
29,2,36.841
29,3,57.38
29,4,79.8
29,5,103.0
29,6,139.0
29,7,166.0
29,8,198.0
29,9,232.2
29,10,265.33
29,11,367.0
29,12,401.0
29,13,436.0
29,14,483.1
29,15,518.7
29,16,552.8
29,17,632.5
29,18,670.608
29,19,1690.5
29,20,1800.0
29,21,1918.0
29,22,2044.0
29,23,2179.4
29,24,2307.3
29,25,2479.1
29,26,2586.954
29,27,11062.4309
29,28,11567.6237
30,0,9.394197
30,1,17.96439
30,2,39.7233
30,3,59.573
30,4,82.6
30,5,108.0
30,6,133.9
30,7,173.9
30,8,203.0
30,9,238.0
30,10,274.4
30,11,310.8
30,12,417.6
30,13,453.4
30,14,490.6
30,15,540.0
30,16,577.8
30,17,613.3
30,18,697.5
30,19,737.366
30,20,1846.8
30,21,1961.0
30,22,2085.0
30,23,2214.0
30,24,2358.0
30,25,2491.5
30,26,2669.9
30,27,2781.996
30,28,11864.9401
30,29,12388.9427
31,0,5.999302
31,1,20.51514
31,2,30.72576
31,3,63.241
31,4,86.01
31,5,112.7
31,6,140.8
31,7,169.9
31,8,211.0
31,9,244.0
31,10,280.0
31,11,319.0
31,12,356.0
31,13,471.2
31,14,508.8
31,15,548.3
31,16,599.8
31,17,640.0
31,18,677.0
31,19,765.7
31,20,807.308
31,21,2010.0
31,22,2129.0
31,23,2258.0
31,24,2391.0
31,25,2543.9
31,26,2683.0
31,27,2868.0
31,28,2984.426
31,29,12696.5581
31,30,13239.5029
32,0,7.899435
32,1,15.93461
32,2,34.0576
32,3,45.7155
32,4,90.5
32,5,115.9
32,6,144.9
32,7,176.4
32,8,212.5
32,9,252.1
32,10,286.0
32,11,326.0
32,12,367.0
32,13,407.0
32,14,527.9
32,15,567.3
32,16,609.1
32,17,662.8
32,18,706.7
32,19,744.0
32,20,837.1
32,21,880.44
32,22,2178.2
32,23,2304.0
32,24,2439.0
32,25,2575.0
32,26,2737.1
32,27,2881.9
32,28,3074.0
32,29,3194.293
32,30,13557.4218
32,31,14119.4457
33,0,9.78855
33,1,18.5892
33,2,28.349
33,3,50.15
33,4,62.77
33,5,121.19
33,6,147.0
33,7,180.0
33,8,213.0
33,9,247.0
33,10,296.0
33,11,333.0
33,12,375.0
33,13,418.0
33,14,460.0
33,15,587.6
33,16,628.8
33,17,672.9
33,18,728.9
33,19,774.0
33,20,814.0
33,21,911.7
33,22,956.79
33,23,2356.9
33,24,2486.0
33,25,2626.0
33,26,2766.0
33,27,2938.0
33,28,3088.1
33,29,3287.0
33,30,3411.643
33,31,14447.6799
33,32,15028.9251
34,0,9.752368
34,1,21.196
34,2,31.697
34,3,42.947
34,4,68.3
34,5,81.83
34,6,155.327
34,7,184.0
34,8,219.0
34,9,255.0
34,10,291.0
34,11,342.9
34,12,383.0
34,13,426.0
34,14,473.0
34,15,517.0
34,16,650.5
34,17,693.4
34,18,739.8
34,19,798.0
34,20,845.8
34,21,887.0
34,22,989.6
34,23,1036.36
34,24,2540.7
34,25,2674.0
34,26,2820.0
34,27,2964.0
34,28,3146.0
34,29,3301.8
34,30,3507.0
34,31,3636.526
34,32,15367.493
34,33,15968.1075
35,0,11.81381
35,1,21.591
35,2,34.871
35,3,47.782
35,4,59.595
35,5,87.39
35,6,103.03
35,7,192.61
35,8,224.0
35,9,261.0
35,10,301.0
35,11,338.0
35,12,393.0
35,13,436.0
35,14,481.0
35,15,530.0
35,16,577.0
35,17,716.3
35,18,761.0
35,19,809.8
35,20,870.0
35,21,920.8
35,22,963.0
35,23,1070.6
35,24,1119.17
35,25,2731.4
35,26,2869.0
35,27,3021.0
35,28,3169.0
35,29,3361.0
35,30,3523.1
35,31,3735.0
35,32,3868.986
35,33,16317.014
35,34,16937.1497
36,0,13.9996055
36,1,24.35984
36,2,35.838
36,3,50.85
36,4,64.69
36,5,78.49
36,6,109.13
36,7,125.802
36,8,233.0
36,9,268.0
36,10,308.0
36,11,350.0
36,12,391.0
36,13,446.0
36,14,492.0
36,15,540.0
36,16,591.0
36,17,640.0
36,18,785.316
36,19,831.6
36,20,882.8
36,21,945.0
36,22,999.0
36,23,1042.0
36,24,1155.0
36,25,1205.23
36,26,2928.9
36,27,3072.0
36,28,3228.0
36,29,3380.0
36,30,3584.0
36,31,3752.0
36,32,3971.0
36,33,4109.083
36,34,17296.424
36,35,17936.2405
37,0,4.1771281
37,1,27.28954
37,2,39.247
37,3,52.2
37,4,68.44
37,5,82.9
37,6,98.67
37,7,132.79
37,8,150.628
37,9,277.12
37,10,313.1
37,11,356.0
37,12,400.0
37,13,443.0
37,14,502.0
37,15,550.0
37,16,601.0
37,17,654.0
37,18,706.0
37,19,857.0
37,20,905.3
37,21,958.9
37,22,1024.0
37,23,1080.0
37,24,1125.0
37,25,1242.5
37,26,1294.57
37,27,3133.3
37,28,3281.0
37,29,3443.0
37,30,3600.0
37,31,3815.0
37,32,3988.0
37,33,4214.0
37,34,4356.865
37,35,18305.886
37,36,18965.5484
38,0,5.69486745
38,1,11.0302765
38,2,42.88353
38,3,56.28
38,4,70.7
38,5,88.0
38,6,104.0
38,7,121.21
38,8,158.33
38,9,177.3
38,10,324.07
38,11,362.0
38,12,408.0
38,13,454.0
38,14,499.0
38,15,562.0
38,16,612.0
38,17,665.0
38,18,722.0
38,19,774.0
38,20,932.0
38,21,982.1
38,22,1038.0
38,23,1105.0
38,24,1165.0
38,25,1211.0
38,26,1333.4
38,27,1387.19
38,28,3344.7
38,29,3497.0
38,30,3664.0
38,31,3830.0
38,32,4053.0
38,33,4232.0
38,34,4465.0
38,35,4612.397
38,36,19345.59
38,37,20025.2673
39,0,6.21726
39,1,12.2236
39,2,20.52441
39,3,60.6072
39,4,75.35
39,5,91.39
39,6,110.02
39,7,128.12
39,8,145.64
39,9,185.7
39,10,205.814
39,11,374.04
39,12,414.0
39,13,463.0
39,14,512.0
39,15,559.0
39,16,624.0
39,17,677.0
39,18,733.0
39,19,790.0
39,20,847.0
39,21,1010.0
39,22,1061.9
39,23,1120.2
39,24,1190.0
39,25,1253.0
39,26,1300.0
39,27,1427.6
39,28,1483.12
39,29,3562.9
39,30,3720.0
39,31,3892.0
39,32,4060.0
39,33,4299.0
39,34,4484.0
39,35,4724.0
39,36,4875.731
39,37,20415.719
39,38,21115.588
40,0,6.634126
40,1,13.13
40,2,23.17
40,3,34.41836
40,4,80.348
40,5,96.38
40,6,112.0
40,7,133.7
40,8,153.0
40,9,172.02
40,10,214.9
40,11,236.252
40,12,426.0
40,13,470.0
40,14,520.0
40,15,573.0
40,16,622.0
40,17,690.0
40,18,745.0
40,19,803.0
40,20,863.0
40,21,922.0
40,22,1092.0
40,23,1144.7
40,24,1205.4
40,25,1277.0
40,26,1344.0
40,27,1392.0
40,28,1525.1
40,29,1582.37
40,30,3788.0
40,31,3950.0
40,32,4127.0
40,33,4300.0
40,34,4553.0
40,35,4744.0
40,36,4991.0
40,37,5146.935
40,38,21516.471
40,39,22236.712
41,0,6.75885
41,1,14.32
41,2,25.04
41,3,37.611
41,4,50.5728
41,5,102.069
41,6,119.1
41,7,136.0
41,8,159.2
41,9,180.0
41,10,200.28
41,11,246.1
41,12,268.59
41,13,482.5
41,14,530.0
41,15,581.0
41,16,636.0
41,17,688.0
41,18,758.0
41,19,816.0
41,20,877.0
41,21,940.0
41,22,1000.0
41,23,1176.0
41,24,1230.6
41,25,1293.7
41,26,1368.0
41,27,1439.0
41,28,1488.0
41,29,1625.9
41,30,1684.97
41,31,4020.1
41,32,4187.0
41,33,4369.0
41,34,4540.0
41,35,4815.0
41,36,5011.0
41,37,5265.0
41,38,5426.066
41,39,22648.046
41,40,23388.85
42,0,7.09243
42,1,16.16
42,2,27.13
42,3,40.33
42,4,54.417
42,5,68.82704
42,6,125.638
42,7,143.6
42,8,164.12
42,9,186.3
42,10,209.3
42,11,230.28
42,12,279.1
42,13,302.6
42,14,544.0
42,15,591.0
42,16,646.0
42,17,702.0
42,18,758.0
42,19,829.0
42,20,890.0
42,21,953.0
42,22,1019.0
42,23,1082.0
42,24,1263.0
42,25,1319.6
42,26,1385.1
42,27,1462.0
42,28,1537.0
42,29,1587.0
42,30,1730.1
42,31,1790.93
42,32,4259.0
42,33,4430.0
42,34,4618.0
42,35,4800.0
42,36,5084.0
42,37,5287.0
42,38,5548.0
42,39,5713.194
42,40,23810.653
42,41,24572.213
43,0,7.11938
43,1,15.26
43,2,29.55
43,3,41.0
43,4,57.0
43,5,72.0
43,6,88.0
43,7,150.0
43,8,169.0
43,9,189.9
43,10,214.0
43,11,239.0
43,12,262.08
43,13,311.0
43,14,338.55
43,15,604.0
43,16,655.0
43,17,713.0
43,18,773.0
43,19,829.0
43,20,904.0
43,21,968.0
43,22,1032.0
43,23,1102.0
43,24,1166.0
43,25,1354.0
43,26,1411.6
43,27,1479.5
43,28,1559.0
43,29,1638.0
43,30,1689.0
43,31,1838.0
43,32,1900.28
43,33,4505.0
43,34,4681.0
43,35,4874.0
43,36,5060.0
43,37,5361.0
43,38,5570.0
43,39,5838.0
43,40,6008.391
43,41,25004.531
43,42,25787.047
44,0,7.3605
44,1,16.76
44,2,28.47
44,3,45.0
44,4,59.0
44,5,76.0
44,6,93.0
44,7,110.0
44,8,178.41
44,9,198.0
44,10,219.9
44,11,245.0
44,12,271.0
44,13,295.9
44,14,348.0
44,15,376.25
44,16,670.0
44,17,723.0
44,18,784.0
44,19,845.0
44,20,905.0
44,21,981.0
44,22,1048.0
44,23,1115.0
44,24,1187.0
44,25,1253.0
44,26,1447.0
44,27,1506.7
44,28,1577.0
44,29,1659.0
44,30,1743.0
44,31,1794.0
44,32,1949.0
44,33,2013.04
44,34,4758.0
44,35,4939.0
44,36,5136.0
44,37,5330.0
44,38,5647.0
44,39,5861.0
44,40,6137.0
44,41,6311.721
44,42,26229.888
44,43,27033.564
45,0,7.4589
45,1,18.08
45,2,31.06
45,3,42.0
45,4,63.0
45,5,80.0
45,6,97.0
45,7,115.1
45,8,135.0
45,9,207.51
45,10,228.0
45,11,252.1
45,12,277.0
45,13,306.0
45,14,331.58
45,15,389.3
45,16,415.97
45,17,739.0
45,18,794.0
45,19,857.0
45,20,921.0
45,21,984.0
45,22,1061.0
45,23,1131.0
45,24,1202.0
45,25,1274.0
45,26,1344.0
45,27,1544.0
45,28,1604.9
45,29,1677.6
45,30,1763.0
45,31,1851.0
45,32,1903.0
45,33,2063.0
45,34,2129.22
45,35,5018.0
45,36,5203.0
45,37,5406.0
45,38,5600.0
45,39,5940.0
45,40,6161.0
45,41,6444.0
45,42,6623.262
45,43,27486.979
45,44,28312.031
46,0,8.336839
46,1,19.43
46,2,32.93
46,3,46.0
46,4,61.0
46,5,84.1
46,6,101.0
46,7,120.0
46,8,141.0
46,9,159.9
46,10,238.57
46,11,260.0
46,12,286.0
46,13,311.0
46,14,342.0
46,15,369.1
46,16,427.0
46,17,457.5
46,18,810.0
46,19,869.0
46,20,933.0
46,21,1000.0
46,22,1065.0
46,23,1145.0
46,24,1218.0
46,25,1290.0
46,26,1366.0
46,27,1438.0
46,28,1644.0
46,29,1706.2
46,30,1781.3
46,31,1869.0
46,32,1962.0
46,33,2016.0
46,34,2181.0
46,35,2248.87
46,36,5284.0
46,37,5475.0
46,38,5683.0
46,39,5880.0
46,40,6242.0
46,41,6469.0
46,42,6759.0
46,43,6943.097
46,44,28776.032
46,45,29622.678
47,0,7.576234
47,1,21.4844
47,2,34.8
47,3,49.0
47,4,65.0
47,5,82.0
47,6,106.0
47,7,125.0
47,8,145.1
47,9,167.0
47,10,188.0
47,11,271.46
47,12,294.0
47,13,321.0
47,14,347.0
47,15,381.0
47,16,408.43
47,17,469.0
47,18,500.87
47,19,885.0
47,20,946.0
47,21,1013.0
47,22,1082.0
47,23,1149.0
47,24,1231.0
47,25,1308.0
47,26,1382.0
47,27,1460.0
47,28,1535.0
47,29,1747.0
47,30,1810.5
47,31,1888.0
47,32,1979.0
47,33,2077.0
47,34,2131.0
47,35,2302.0
47,36,2371.99
47,37,5558.0
47,38,5753.0
47,39,5966.0
47,40,6170.0
47,41,6551.0
47,42,6785.0
47,43,7082.0
47,44,7271.298
47,45,30097.314
47,46,30965.78
48,0,8.99382
48,1,16.908313
48,2,37.468
48,3,51.0
48,4,67.9
48,5,87.0
48,6,105.0
48,7,130.1
48,8,150.0
48,9,173.0
48,10,195.0
48,11,218.0
48,12,305.0
48,13,329.0
48,14,358.0
48,15,385.0
48,16,421.0
48,17,452.6
48,18,513.0
48,19,546.19
48,20,963.0
48,21,1026.0
48,22,1095.0
48,23,1167.0
48,24,1237.0
48,25,1320.0
48,26,1401.0
48,27,1477.0
48,28,1558.0
48,29,1635.0
48,30,1852.0
48,31,1917.9
48,32,1998.0
48,33,2091.0
48,34,2195.0
48,35,2250.0
48,36,2427.0
48,37,2498.62
48,38,5839.0
48,39,6039.0
48,40,6257.0
48,41,6460.0
48,42,6869.0
48,43,7109.0
48,44,7414.0
48,45,7607.95
48,46,31451.07
48,47,32341.587
49,0,5.7863558
49,1,18.87041
49,2,28.04415
49,3,55.45
49,4,69.3
49,5,90.0
49,6,109.0
49,7,130.1
49,8,156.0
49,9,178.0
49,10,201.0
49,11,226.0
49,12,249.0
49,13,341.0
49,14,368.0
49,15,396.0
49,16,425.0
49,17,462.0
49,18,497.1
49,19,560.0
49,20,593.38
49,21,1043.0
49,22,1109.0
49,23,1181.0
49,24,1255.0
49,25,1328.0
49,26,1413.0
49,27,1496.0
49,28,1575.0
49,29,1659.0
49,30,1738.0
49,31,1961.0
49,32,2028.5
49,33,2111.0
49,34,2207.0
49,35,2317.0
49,36,2373.0
49,37,2555.0
49,38,2628.77
49,39,6126.0
49,40,6331.0
49,41,6554.0
49,42,6770.0
49,43,7196.0
49,44,7442.0
49,45,7754.0
49,46,7953.14
49,47,32837.593
49,48,33750.404
50,0,7.343918
50,1,14.63307
50,2,30.506
50,3,40.74
50,4,77.03
50,5,94.0
50,6,112.9
50,7,135.0
50,8,156.0
50,9,184.0
50,10,208.0
50,11,232.0
50,12,258.0
50,13,282.0
50,14,379.0
50,15,407.0
50,16,437.0
50,17,466.0
50,18,506.0
50,19,537.0
50,20,608.0
50,21,642.35
50,22,1127.0
50,23,1195.0
50,24,1269.0
50,25,1347.0
50,26,1421.0
50,27,1508.0
50,28,1596.0
50,29,1676.0
50,30,1763.0
50,31,1844.0
50,32,2074.0
50,33,2142.1
50,34,2227.0
50,35,2326.0
50,36,2443.0
50,37,2499.0
50,38,2687.0
50,39,2762.49
50,40,6421.0
50,41,6631.0
50,42,6859.0
50,43,7080.0
50,44,7531.0
50,45,7790.0
50,46,8103.0
50,47,8306.95
50,48,34257.148
50,49,35192.501
51,0,8.608389
51,1,16.626
51,2,25.3235
51,3,43.804
51,4,55.0
51,5,99.51
51,6,117.0
51,7,139.0
51,8,162.0
51,9,185.0
51,10,214.0
51,11,238.0
51,12,265.0
51,13,292.0
51,14,317.0
51,15,420.0
51,16,447.0
51,17,479.0
51,18,510.0
51,19,552.0
51,20,584.0
51,21,657.0
51,22,693.26
51,23,1214.0
51,24,1285.0
51,25,1360.0
51,26,1441.0
51,27,1518.0
51,28,1606.0
51,29,1698.0
51,30,1781.0
51,31,1869.0
51,32,1954.0
51,33,2190.0
51,34,2266.0
51,35,2349.0
51,36,2428.0
51,37,2567.0
51,38,2654.0
51,39,2815.0
51,40,2900.0
51,41,6714.0
51,42,6929.0
51,43,7167.0
51,44,7390.0
51,45,7887.0
51,46,8140.0
51,47,8455.0
51,48,8669.48
51,49,35710.03
51,50,36668.183
52,0,9.009808
52,1,18.6
52,2,27.84
52,3,37.4155
52,4,59.3
52,5,69.1
52,6,124.2
52,7,143.0
52,8,167.0
52,9,191.1
52,10,215.0
52,11,245.0
52,12,272.0
52,13,299.0
52,14,328.0
52,15,354.0
52,16,461.0
52,17,491.0
52,18,522.0
52,19,555.0
52,20,599.0
52,21,633.0
52,22,709.0
52,23,746.12
52,24,1304.0
52,25,1377.0
52,26,1455.0
52,27,1538.0
52,28,1618.0
52,29,1707.0
52,30,1803.0
52,31,1889.0
52,32,1979.0
52,33,2066.0
52,34,2309.0
52,35,2386.0
52,36,2472.0
52,37,2552.0
52,38,2700.0
52,39,2788.0
52,40,2954.0
52,41,3041.0
52,42,7022.0
52,43,7243.0
52,44,7485.0
52,45,7714.0
52,46,8240.0
52,47,8499.0
52,48,8821.0
52,49,9040.83
52,50,37196.52
52,51,38177.74
53,0,10.451236
53,1,19.13126
53,2,29.57
53,3,40.357
53,4,51.52
53,5,74.4
53,6,87.61
53,7,150.81
53,8,171.0
53,9,197.0
53,10,220.9
53,11,247.0
53,12,279.0
53,13,307.0
53,14,335.0
53,15,365.0
53,16,393.0
53,17,505.0
53,18,535.0
53,19,569.0
53,20,601.0
53,21,649.0
53,22,683.0
53,23,762.0
53,24,800.8
53,25,1397.0
53,26,1472.0
53,27,1553.0
53,28,1639.0
53,29,1720.0
53,30,1812.0
53,31,1911.0
53,32,1999.0
53,33,2093.0
53,34,2181.0
53,35,2431.0
53,36,2510.0
53,37,2598.0
53,38,2680.0
53,39,2836.0
53,40,2926.0
53,41,3096.0
53,42,3185.5
53,43,7337.0
53,44,7563.0
53,45,7811.0
53,46,8044.0
53,47,8601.0
53,48,8867.0
53,49,9196.0
53,50,9421.1
53,51,38717.0
53,52,39721.549
54,0,12.1298437
54,1,20.975
54,2,31.05
54,3,42.2
54,4,54.1
54,5,66.703
54,6,91.6
54,7,105.9778
54,8,179.84
54,9,202.0
54,10,229.02
54,11,255.0
54,12,281.0
54,13,314.0
54,14,343.0
54,15,374.0
54,16,404.0
54,17,434.0
54,18,549.0
54,19,582.0
54,20,616.0
54,21,650.0
54,22,700.0
54,23,736.0
54,24,818.0
54,25,857.0
54,26,1493.0
54,27,1571.0
54,28,1653.0
54,29,1742.0
54,30,1826.0
54,31,1919.0
54,32,2023.0
54,33,2113.0
54,34,2209.0
54,35,2300.0
54,36,2556.0
54,37,2637.0
54,38,2726.0
54,39,2811.0
54,40,2975.0
54,41,3068.0
54,42,3243.0
54,43,3333.8
54,44,7660.0
54,45,7889.0
54,46,8144.0
54,47,8382.0
54,48,8971.0
54,49,9243.0
54,50,9581.0
54,51,9810.37
54,52,40271.73
54,53,41299.892
55,0,3.89390572743
55,1,23.15745
55,2,33.195
55,3,43.0
55,4,56.0
55,5,69.1
55,6,82.9
55,7,110.1
55,8,125.61
55,9,213.3
55,10,233.0
55,11,261.0
55,12,289.0
55,13,316.0
55,14,352.0
55,15,382.0
55,16,413.0
55,17,445.0
55,18,476.0
55,19,597.0
55,20,629.0
55,21,666.0
55,22,700.0
55,23,753.0
55,24,791.0
55,25,875.0
55,26,916.1
55,27,1592.0
55,28,1672.0
55,29,1757.0
55,30,1848.0
55,31,1936.0
55,32,2029.0
55,33,2137.0
55,34,2230.0
55,35,2329.0
55,36,2422.0
55,37,2683.0
55,38,2767.0
55,39,2859.0
55,40,2945.0
55,41,3118.0
55,42,3214.0
55,43,3392.0
55,44,3485.0
55,45,7989.0
55,46,8224.0
55,47,8484.0
55,48,8726.0
55,49,9350.0
55,50,9629.0
55,51,9974.0
55,52,10208.78
55,53,41861.08
55,54,42913.144
56,0,5.2116646
56,1,10.003826
56,2,35.8438
56,3,47.0
56,4,58.0
56,5,71.0
56,6,86.0
56,7,101.0
56,8,130.5
56,9,146.52
56,10,241.0
56,11,267.1
56,12,296.0
56,13,325.0
56,14,354.0
56,15,390.0
56,16,422.0
56,17,455.0
56,18,488.0
56,19,520.0
56,20,646.0
56,21,679.0
56,22,717.0
56,23,752.0
56,24,809.0
56,25,846.0
56,26,935.0
56,27,976.62
56,28,1695.0
56,29,1776.0
56,30,1864.0
56,31,1958.0
56,32,2047.0
56,33,2142.0
56,34,2256.0
56,35,2349.0
56,36,2452.0
56,37,2547.0
56,38,2814.0
56,39,2901.0
56,40,2994.0
56,41,3081.0
56,42,3266.0
56,43,3363.0
56,44,3546.0
56,45,3640.0
56,46,8326.0
56,47,8565.0
56,48,8831.0
56,49,9077.0
56,50,9739.0
56,51,10023.0
56,52,10376.0
56,53,10616.42
56,54,43485.37
56,55,44561.633
57,0,5.5769
57,1,11.18496
57,2,19.1773
57,3,49.95
57,4,61.6
57,5,74.0
57,6,88.0
57,7,105.0
57,8,119.0
57,9,151.4
57,10,168.77
57,11,275.0
57,12,303.0
57,13,332.0
57,14,364.0
57,15,393.0
57,16,431.0
57,17,464.0
57,18,498.0
57,19,533.0
57,20,566.0
57,21,696.0
57,22,731.0
57,23,770.0
57,24,806.0
57,25,865.0
57,26,906.0
57,27,995.0
57,28,1039.09
57,29,1800.0
57,30,1884.0
57,31,1974.0
57,32,2069.0
57,33,2162.0
57,34,2259.0
57,35,2377.0
57,36,2473.0
57,37,2577.0
57,38,2674.0
57,39,2950.0
57,40,3036.0
57,41,3133.0
57,42,3222.0
57,43,3416.0
57,44,3515.0
57,45,3704.0
57,46,3800.0
57,47,8669.0
57,48,8914.0
57,49,9184.0
57,50,9437.0
57,51,10136.0
57,52,10426.0
57,53,10789.0
57,54,11033.4
57,55,45145.0
57,56,46245.77
58,0,5.5386
58,1,10.956
58,2,20.1974
58,3,36.906
58,4,65.55
58,5,77.6
58,6,91.0
58,7,106.0
58,8,125.0
58,9,140.0
58,10,172.0
58,11,192.24
58,12,312.0
58,13,340.0
58,14,371.0
58,15,403.0
58,16,435.0
58,17,472.0
58,18,509.0
58,19,543.0
58,20,579.0
58,21,613.0
58,22,749.0
58,23,785.0
58,24,824.0
58,25,862.0
58,26,924.0
58,27,965.0
58,28,1060.0
58,29,1103.5
58,30,1908.0
58,31,1994.0
58,32,2087.0
58,33,2185.0
58,34,2280.0
58,35,2378.0
58,36,2500.0
58,37,2600.0
58,38,2706.0
58,39,2806.0
58,40,3087.0
58,41,3176.0
58,42,3274.0
58,43,3366.0
58,44,3570.0
58,45,3672.0
58,46,3865.0
58,47,3963.0
58,48,9020.0
58,49,9269.0
58,50,9545.0
58,51,9803.0
58,52,10542.0
58,53,10840.0
58,54,11210.0
58,55,11459.85
58,56,46840.31
58,57,47965.89
59,0,5.4702
59,1,10.631
59,2,21.6237
59,3,38.981
59,4,57.53
59,5,82.0
59,6,97.0
59,7,112.0
59,8,131.0
59,9,148.0
59,10,162.0
59,11,196.0
59,12,217.02
59,13,350.0
59,14,378.0
59,15,412.0
59,16,445.0
59,17,478.0
59,18,516.0
59,19,554.0
59,20,590.0
59,21,627.0
59,22,663.0
59,23,803.0
59,24,840.0
59,25,880.0
59,26,920.0
59,27,985.0
59,28,1028.0
59,29,1124.0
59,30,1169.9
59,31,2019.0
59,32,2108.0
59,33,2202.0
59,34,2304.0
59,35,2400.0
59,36,2501.0
59,37,2628.0
59,38,2729.0
59,39,2838.0
59,40,2941.0
59,41,3227.0
59,42,3319.0
59,43,3419.0
59,44,3512.0
59,45,3729.0
59,46,3832.0
59,47,4030.0
59,48,4130.0
59,49,9378.0
59,50,9632.0
59,51,9913.0
59,52,10175.0
59,53,10959.0
59,54,11262.0
59,55,11641.0
59,56,11895.89
59,57,48571.71
59,58,49722.44
60,0,5.52475
60,1,10.783
60,2,22.09
60,3,40.6
60,4,60.0
60,5,84.0
60,6,99.0
60,7,114.0
60,8,136.0
60,9,152.0
60,10,168.0
60,11,195.0
60,12,221.0
60,13,243.0
60,14,389.0
60,15,420.0
60,16,453.0
60,17,489.0
60,18,522.0
60,19,562.0
60,20,602.0
60,21,638.0
60,22,678.0
60,23,714.0
60,24,859.0
60,25,896.0
60,26,939.0
60,27,978.0
60,28,1049.0
60,29,1092.0
60,30,1191.0
60,31,1238.42
60,32,2134.0
60,33,2224.0
60,34,2321.0
60,35,2425.0
60,36,2525.0
60,37,2627.0
60,38,2758.0
60,39,2861.0
60,40,2974.0
60,41,3078.0
60,42,3371.0
60,43,3465.0
60,44,3567.0
60,45,3662.0
60,46,3891.0
60,47,3997.0
60,48,4198.0
60,49,4302.0
60,50,9742.0
60,51,10002.0
60,52,10288.0
60,53,10555.0
60,54,11384.0
60,55,11694.0
60,56,12082.0
60,57,12341.66
60,58,50339.59
60,59,51515.78
61,0,5.58187
61,1,10.938
61,2,22.44
61,3,41.17
61,4,61.7
61,5,85.0
61,6,101.0
61,7,116.0
61,8,138.0
61,9,155.0
61,10,174.0
61,11,202.0
61,12,229.0
61,13,248.0
61,14,269.0
61,15,430.0
61,16,462.0
61,17,497.0
61,18,534.0
61,19,569.0
61,20,609.0
61,21,651.0
61,22,689.0
61,23,730.0
61,24,767.0
61,25,916.0
61,26,956.0
61,27,998.0
61,28,1040.0
61,29,1113.0
61,30,1158.0
61,31,1261.0
61,32,1308.7
61,33,2251.0
61,34,2344.0
61,35,2443.0
61,36,2549.0
61,37,2652.0
61,38,2755.0
61,39,2892.0
61,40,2997.0
61,41,3112.0
61,42,3219.0
61,43,3519.0
61,44,3613.0
61,45,3718.0
61,46,3816.0
61,47,4056.0
61,48,4166.0
61,49,4371.0
61,50,4476.0
61,51,10115.0
61,52,10378.0
61,53,10671.0
61,54,10942.0
61,55,11819.0
61,56,12136.0
61,57,12532.0
61,58,12797.26
61,59,52144.29
61,60,53346.31
62,0,5.643722
62,1,11.078
62,2,23.55
62,3,41.64
62,4,62.7
62,5,87.0
62,6,103.0
62,7,118.0
62,8,141.0
62,9,158.0
62,10,179.0
62,11,208.0
62,12,237.0
62,13,257.0
62,14,276.0
62,15,306.5
62,16,474.0
62,17,506.0
62,18,543.0
62,19,581.0
62,20,617.0
62,21,658.0
62,22,702.0
62,23,742.0
62,24,782.0
62,25,822.0
62,26,976.0
62,27,1016.0
62,28,1060.0
62,29,1103.0
62,30,1180.0
62,31,1226.0
62,32,1332.0
62,33,1381.56
62,34,2371.0
62,35,2466.0
62,36,2569.0
62,37,2676.0
62,38,2782.0
62,39,2887.0
62,40,3028.0
62,41,3137.0
62,42,3253.0
62,43,3363.0
62,44,3669.0
62,45,3766.0
62,46,3873.0
62,47,3971.0
62,48,4227.0
62,49,4337.0
62,50,4548.0
62,51,4655.0
62,52,10494.0
62,53,10762.0
62,54,11060.0
62,55,11337.0
62,56,12264.0
62,57,12588.0
62,58,12992.0
62,59,13262.85
62,60,53986.12
62,61,55214.3
63,0,5.670385
63,1,11.24
63,2,24.84
63,3,42.94
63,4,63.2
63,5,89.0
63,6,105.0
63,7,120.0
63,8,144.0
63,9,161.0
63,10,183.0
63,11,213.0
63,12,243.0
63,13,263.0
63,14,281.0
63,15,311.0
63,16,344.4
63,17,518.0
63,18,553.0
63,19,590.0
63,20,630.0
63,21,667.0
63,22,709.0
63,23,755.0
63,24,795.0
63,25,838.0
63,26,879.0
63,27,1037.0
63,28,1078.0
63,29,1124.0
63,30,1167.0
63,31,1249.0
63,32,1296.0
63,33,1406.0
63,34,1456.06
63,35,2495.0
63,36,2591.0
63,37,2697.0
63,38,2807.0
63,39,2914.0
63,40,3022.0
63,41,3168.0
63,42,3279.0
63,43,3398.0
63,44,3510.0
63,45,3823.0
63,46,3921.0
63,47,4031.0
63,48,4131.0
63,49,4400.0
63,50,4513.0
63,51,4729.0
63,52,4838.0
63,53,10880.0
63,54,11153.0
63,55,11457.0
63,56,11739.0
63,57,12718.0
63,58,13050.0
63,59,13462.0
63,60,13738.58
63,61,55865.93
63,62,57120.64
64,0,6.1498
64,1,12.076
64,2,20.54
64,3,44.44
64,4,64.8
64,5,89.0
64,6,106.0
64,7,123.0
64,8,144.0
64,9,165.0
64,10,183.0
64,11,213.0
64,12,246.0
64,13,268.0
64,14,288.0
64,15,319.0
64,16,352.0
64,17,384.4
64,18,565.0
64,19,601.0
64,20,639.0
64,21,680.0
64,22,719.0
64,23,761.0
64,24,810.0
64,25,851.0
64,26,895.0
64,27,937.0
64,28,1100.0
64,29,1142.0
64,30,1189.0
64,31,1233.0
64,32,1321.0
64,33,1368.0
64,34,1481.0
64,35,1532.3
64,36,2621.0
64,37,2720.0
64,38,2827.0
64,39,2941.0
64,40,3050.0
64,41,3160.0
64,42,3312.0
64,43,3424.0
64,44,3546.0
64,45,3660.0
64,46,3980.0
64,47,4080.0
64,48,4191.0
64,49,4294.0
64,50,4578.0
64,51,4693.0
64,52,4914.0
64,53,5025.0
64,54,11273.0
64,55,11552.0
64,56,11861.0
64,57,12147.0
64,58,13183.0
64,59,13521.0
64,60,13943.0
64,61,14224.57
64,62,57783.91
64,63,59065.54
65,0,5.8638
65,1,11.513
65,2,21.82
65,3,39.33
65,4,66.5
65,5,90.0
65,6,108.0
65,7,125.0
65,8,143.0
65,9,168.0
65,10,186.0
65,11,216.0
65,12,250.0
65,13,273.0
65,14,294.0
65,15,325.0
65,16,358.0
65,17,393.0
65,18,426.6
65,19,613.0
65,20,651.0
65,21,690.0
65,22,732.0
65,23,772.0
65,24,816.0
65,25,866.0
65,26,909.0
65,27,954.0
65,28,997.0
65,29,1165.0
65,30,1208.0
65,31,1256.0
65,32,1301.0
65,33,1393.0
65,34,1443.0
65,35,1559.0
65,36,1610.4
65,37,2750.0
65,38,2852.0
65,39,2961.0
65,40,3078.0
65,41,3189.0
65,42,3300.0
65,43,3458.0
65,44,3573.0
65,45,3698.0
65,46,3814.0
65,47,4139.0
65,48,4242.0
65,49,4355.0
65,50,4460.0
65,51,4760.0
65,52,4877.0
65,53,5103.0
65,54,5217.0
65,55,11673.0
65,56,11957.0
65,57,12272.0
65,58,12563.0
65,59,13658.0
65,60,14003.0
65,61,14434.0
65,62,14721.02
65,63,59741.12
65,64,61050.1
66,0,5.939061
66,1,11.647
66,2,22.89
66,3,41.23
66,4,62.1
66,5,93.0
66,6,110.0
66,7,127.0
66,8,152.0
66,9,170.0
66,10,192.0
66,11,224.0
66,12,259.0
66,13,279.0
66,14,300.0
66,15,332.0
66,16,366.0
66,17,399.0
66,18,431.0
66,19,464.9
66,20,664.0
66,21,702.0
66,22,743.0
66,23,786.0
66,24,827.0
66,25,872.0
66,26,924.0
66,27,969.0
66,28,1014.0
66,29,1059.0
66,30,1232.0
66,31,1275.0
66,32,1325.0
66,33,1371.0
66,34,1468.0
66,35,1520.0
66,36,1638.0
66,37,1691.7
66,38,2882.0
66,39,2987.0
66,40,3098.0
66,41,3217.0
66,42,3331.0
66,43,3445.0
66,44,3607.0
66,45,3725.0
66,46,3852.0
66,47,3970.0
66,48,4303.0
66,49,4407.0
66,50,4523.0
66,51,4629.0
66,52,4945.0
66,53,5066.0
66,54,5296.0
66,55,5412.0
66,56,12081.0
66,57,12370.0
66,58,12690.0
66,59,12986.0
66,60,14144.0
66,61,14495.0
66,62,14936.0
66,63,15228.06
66,64,61736.62
66,65,63073.23
67,0,6.0215
67,1,11.781
67,2,22.79
67,3,42.52
67,4,63.9
67,5,95.0
67,6,112.0
67,7,129.0
67,8,155.0
67,9,173.0
67,10,197.0
67,11,229.0
67,12,263.0
67,13,284.0
67,14,305.0
67,15,340.0
67,16,373.0
67,17,408.0
67,18,441.0
67,19,475.0
67,20,510.0
67,21,715.0
67,22,755.0
67,23,797.0
67,24,842.0
67,25,885.0
67,26,929.0
67,27,985.0
67,28,1029.0
67,29,1077.0
67,30,1122.0
67,31,1300.0
67,32,1346.0
67,33,1395.0
67,34,1443.0
67,35,1545.0
67,36,1598.0
67,37,1719.0
67,38,1773.6
67,39,3018.0
67,40,3125.0
67,41,3238.0
67,42,3359.0
67,43,3476.0
67,44,3592.0
67,45,3760.0
67,46,3880.0
67,47,4009.0
67,48,4131.0
67,49,4469.0
67,50,4576.0
67,51,4693.0
67,52,4802.0
67,53,5135.0
67,54,5258.0
67,55,5494.0
67,56,5611.0
67,57,12495.0
67,58,12790.0
67,59,13116.0
67,60,13417.0
67,61,14639.0
67,62,14998.0
67,63,15448.0
67,64,15745.77
67,65,63772.42
67,66,65137.13
68,0,6.1077
68,1,11.916
68,2,22.7
68,3,42.42
68,4,65.1
68,5,96.0
68,6,114.0
68,7,131.0
68,8,158.0
68,9,177.0
68,10,201.0
68,11,235.0
68,12,268.0
68,13,290.0
68,14,311.0
68,15,345.0
68,16,381.0
68,17,415.0
68,18,450.0
68,19,486.0
68,20,520.0
68,21,555.0
68,22,770.0
68,23,810.0
68,24,853.0
68,25,899.0
68,26,943.0
68,27,989.0
68,28,1046.0
68,29,1092.0
68,30,1142.0
68,31,1188.0
68,32,1370.0
68,33,1416.0
68,34,1468.0
68,35,1516.0
68,36,1625.0
68,37,1678.0
68,38,1803.0
68,39,1858.5
68,40,3157.0
68,41,3265.0
68,42,3381.0
68,43,3505.0
68,44,3624.0
68,45,3742.0
68,46,3916.0
68,47,4038.0
68,48,4170.0
68,49,4294.0
68,50,4639.0
68,51,4748.0
68,52,4866.0
68,53,4978.0
68,54,5329.0
68,55,5455.0
68,56,5695.0
68,57,5815.0
68,58,12918.0
68,59,13217.0
68,60,13548.0
68,61,13855.0
68,62,15146.0
68,63,15511.0
68,64,15971.0
68,65,16274.56
68,66,65848.24
68,67,67241.48
69,0,6.184402
69,1,12.065
69,2,23.66
69,3,42.41
69,4,65.4
69,5,98.0
69,6,116.0
69,7,133.0
69,8,160.0
69,9,180.0
69,10,205.0
69,11,239.0
69,12,274.0
69,13,295.0
69,14,317.0
69,15,352.0
69,16,387.0
69,17,424.0
69,18,460.0
69,19,496.0
69,20,530.0
69,21,570.0
69,22,603.0
69,23,825.0
69,24,866.0
69,25,911.0
69,26,958.0
69,27,1004.0
69,28,1050.0
69,29,1110.0
69,30,1157.0
69,31,1207.0
69,32,1255.0
69,33,1442.0
69,34,1490.0
69,35,1542.0
69,36,1591.0
69,37,1706.0
69,38,1761.0
69,39,1889.0
69,40,1945.2
69,41,3298.0
69,42,3409.0
69,43,3528.0
69,44,3653.0
69,45,3775.0
69,46,3895.0
69,47,4075.0
69,48,4199.0
69,49,4335.0
69,50,4461.0
69,51,4812.0
69,52,4922.0
69,53,5044.0
69,54,5157.0
69,55,5527.0
69,56,5656.0
69,57,5901.0
69,58,6023.0
69,59,13347.0
69,60,13651.0
69,61,13988.0
69,62,14300.0
69,63,15663.0
69,64,16036.0
69,65,16510.0
69,66,16814.34
69,67,67965.25
69,68,69387.45
70,0,6.25416
70,1,12.179185
70,2,25.053
70,3,43.61
70,4,65.6
70,5,99.0
70,6,117.0
70,7,135.0
70,8,163.0
70,9,182.0
70,10,209.0
70,11,244.0
70,12,279.0
70,13,301.0
70,14,324.0
70,15,360.0
70,16,396.0
70,17,431.0
70,18,469.0
70,19,505.0
70,20,540.0
70,21,580.0
70,22,610.0
70,23,651.0
70,24,882.0
70,25,924.0
70,26,971.0
70,27,1019.0
70,28,1065.0
70,29,1114.0
70,30,1175.0
70,31,1224.0
70,32,1275.0
70,33,1324.0
70,34,1516.0
70,35,1564.0
70,36,1618.0
70,37,1668.0
70,38,1789.0
70,39,1845.0
70,40,1978.0
70,41,2036.4
70,42,3443.0
70,43,3555.0
70,44,3677.0
70,45,3805.0
70,46,3929.0
70,47,4051.0
70,48,4238.0
70,49,4364.0
70,50,4502.0
70,51,4630.0
70,52,4988.0
70,53,5101.0
70,54,5224.0
70,55,5339.0
70,56,5731.0
70,57,5860.0
70,58,6111.0
70,59,6236.0
70,60,13784.0
70,61,14093.0
70,62,14435.0
70,63,14752.0
70,64,16191.0
70,65,16570.0
70,66,17050.0
70,67,17365.44
70,68,70123.04
70,69,71574.63
71,0,5.425871
71,1,14.13
71,2,20.9594
71,3,45.249
71,4,66.8
71,5,98.0
71,6,117.0
71,7,136.0
71,8,159.0
71,9,185.0
71,10,205.0
71,11,238.0
71,12,276.0
71,13,305.0
71,14,328.0
71,15,361.0
71,16,399.0
71,17,438.0
71,18,476.0
71,19,520.0
71,20,560.0
71,21,600.0
71,22,630.0
71,23,670.0
71,24,713.0
71,25,941.0
71,26,985.0
71,27,1032.0
71,28,1081.0
71,29,1130.0
71,30,1178.0
71,31,1242.0
71,32,1292.0
71,33,1345.0
71,34,1395.0
71,35,1591.0
71,36,1641.0
71,37,1696.0
71,38,1747.0
71,39,1875.0
71,40,1933.0
71,41,2067.0
71,42,2125.5
71,43,3590.0
71,44,3706.0
71,45,3828.0
71,46,3960.0
71,47,4086.0
71,48,4211.0
71,49,4403.0
71,50,4532.0
71,51,4673.0
71,52,4803.0
71,53,5168.0
71,54,5282.0
71,55,5408.0
71,56,5525.0
71,57,5937.0
71,58,6070.0
71,59,6326.0
71,60,6452.0
71,61,14228.0
71,62,14542.0
71,63,14890.0
71,64,15211.0
71,65,16730.0
71,66,17120.0
71,67,17610.0
71,68,17928.05
71,69,72322.87
71,70,73804.35
72,0,6.82507
72,1,14.61
72,2,22.55
72,3,33.37
72,4,68.37
72,5,98.0
72,6,118.0
72,7,137.0
72,8,157.0
72,9,187.0
72,10,209.0
72,11,230.0
72,12,270.0
72,13,310.0
72,14,334.0
72,15,359.0
72,16,399.0
72,17,440.0
72,18,481.0
72,19,520.0
72,20,570.0
72,21,610.0
72,22,650.0
72,23,690.0
72,24,730.0
72,25,772.0
72,26,1002.0
72,27,1047.0
72,28,1094.0
72,29,1146.0
72,30,1195.0
72,31,1245.0
72,32,1311.0
72,33,1362.0
72,34,1417.0
72,35,1467.0
72,36,1669.0
72,37,1719.0
72,38,1776.0
72,39,1827.0
72,40,1963.0
72,41,2022.0
72,42,2159.0
72,43,2218.9
72,44,3741.0
72,45,3858.0
72,46,3984.0
72,47,4118.0
72,48,4246.0
72,49,4372.0
72,50,4573.0
72,51,4703.0
72,52,4846.0
72,53,4980.0
72,54,5350.0
72,55,5468.0
72,56,5595.0
72,57,5713.0
72,58,6149.0
72,59,6284.0
72,60,6545.0
72,61,6674.0
72,62,14678.0
72,63,14999.0
72,64,15351.0
72,65,15680.0
72,66,17280.0
72,67,17680.0
72,68,18180.0
72,69,18502.32
72,70,74565.91
72,71,76077.7
73,0,7.549571
73,1,16.2
73,2,23.1
73,3,35.0
73,4,48.272
73,5,94.01
73,6,119.0
73,7,139.0
73,8,159.0
73,9,180.0
73,10,213.0
73,11,235.0
73,12,262.0
73,13,304.0
73,14,338.0
73,15,363.0
73,16,396.0
73,17,439.0
73,18,482.0
73,19,530.0
73,20,570.0
73,21,610.0
73,22,660.0
73,23,700.0
73,24,750.0
73,25,790.0
73,26,832.0
73,27,1064.0
73,28,1110.0
73,29,1160.0
73,30,1211.0
73,31,1262.0
73,32,1313.0
73,33,1382.0
73,34,1434.0
73,35,1490.0
73,36,1542.0
73,37,1748.0
73,38,1799.0
73,39,1857.0
73,40,1910.0
73,41,2053.0
73,42,2113.0
73,43,2254.0
73,44,2314.7
73,45,3898.7
73,46,4014.0
73,47,4143.0
73,48,4278.0
73,49,4410.0
73,50,4537.0
73,51,4745.0
73,52,4877.0
73,53,5024.0
73,54,5159.0
73,55,5537.0
73,56,5655.0
73,57,5785.0
73,58,5907.0
73,59,6364.0
73,60,6502.0
73,61,6769.0
73,62,6900.0
73,63,15137.0
73,64,15461.0
73,65,15820.0
73,66,16150.0
73,67,17840.0
73,68,18250.0
73,69,18760.0
73,70,19088.51
73,71,76852.0
73,72,78394.63
74,0,7.86403
74,1,16.37
74,2,26.0
74,3,38.2
74,4,51.6
74,5,64.77
74,6,122.01
74,7,141.2
74,8,160.2
74,9,179.0
74,10,208.9
74,11,231.6
74,12,258.3
74,13,290.7
74,14,325.3
74,15,361.9
74,16,387.9
74,17,420.7
74,18,462.1
74,19,502.6
74,20,543.4
74,21,594.5
74,22,640.6
74,23,685.6
74,24,734.1
74,25,784.4
74,26,833.4
74,27,881.4
74,28,1132.2
74,29,1180.0
74,30,1230.4
74,31,1283.4
74,32,1335.1
74,33,1386.8
74,34,1459.9
74,35,1512.4
74,36,1569.1
74,37,1621.7
74,38,1829.8
74,39,1882.9
74,40,1940.6
74,41,1994.8
74,42,2149.1
74,43,2210.0
74,44,2354.5
74,45,2414.1
74,46,4057.0
74,47,4180.0
74,48,4309.0
74,49,4446.0
74,50,4578.0
74,51,4709.0
74,52,4927.0
74,53,5063.0
74,54,5209.0
74,55,5348.0
74,56,5719.0
74,57,5840.0
74,58,5970.0
74,59,6093.0
74,60,6596.0
74,61,6735.0
74,62,7000.0
74,63,7130.0
74,64,15566.0
74,65,15896.0
74,66,16252.0
74,67,16588.0
74,68,18476.0
74,69,18872.0
74,70,19362.0
74,71,19686.74
74,72,79181.94
74,73,80755.91
75,0,7.83352
75,1,16.6
75,2,27.0
75,3,39.1
75,4,51.9
75,5,67.0
75,6,82.71
75,7,144.4
75,8,165.0
75,9,187.0
75,10,208.0
75,11,236.0
75,12,268.0
75,13,291.0
75,14,330.0
75,15,377.0
75,16,403.0
75,17,429.0
75,18,476.0
75,19,520.0
75,20,570.0
75,21,620.0
75,22,670.0
75,23,720.0
75,24,760.0
75,25,810.0
75,26,860.0
75,27,910.0
75,28,953.0
75,29,1194.0
75,30,1242.0
75,31,1294.0
75,32,1349.0
75,33,1402.0
75,34,1454.0
75,35,1530.0
75,36,1583.0
75,37,1641.0
75,38,1696.0
75,39,1912.0
75,40,1966.0
75,41,2025.0
75,42,2080.0
75,43,2240.0
75,44,2302.0
75,45,2450.0
75,46,2514.5
75,47,4214.0
75,48,4335.0
75,49,4468.0
75,50,4609.0
75,51,4745.0
75,52,4877.0
75,53,5099.0
75,54,5236.0
75,55,5388.0
75,56,5528.0
75,57,5919.0
75,58,6042.0
75,59,6176.0
75,60,6300.0
75,61,6810.0
75,62,6952.0
75,63,7230.0
75,64,7366.0
75,65,16080.0
75,66,16410.0
75,67,16780.0
75,68,17120.0
75,69,19000.0
75,70,19420.0
75,71,19950.0
75,72,20297.4
75,73,81556.58
75,74,83162.41
76,0,8.43823
76,1,17.0
76,2,25.0
76,3,41.0
76,4,55.0
76,5,70.1
76,6,85.1
76,7,102.02
76,8,168.7
76,9,190.0
76,10,213.0
76,11,235.0
76,12,269.0
76,13,298.0
76,14,322.0
76,15,367.0
76,16,410.0
76,17,436.0
76,18,470.0
76,19,520.0
76,20,570.0
76,21,620.0
76,22,670.0
76,23,720.0
76,24,770.0
76,25,820.0
76,26,870.0
76,27,920.0
76,28,970.0
76,29,1015.0
76,30,1262.0
76,31,1311.0
76,32,1364.0
76,33,1420.0
76,34,1474.0
76,35,1528.0
76,36,1606.0
76,37,1660.0
76,38,1720.0
76,39,1776.0
76,40,1996.0
76,41,2052.0
76,42,2112.0
76,43,2168.0
76,44,2336.0
76,45,2400.0
76,46,2552.0
76,47,2615.5
76,48,4374.0
76,49,4501.0
76,50,4635.0
76,51,4779.0
76,52,4917.0
76,53,5052.0
76,54,5280.0
76,55,5421.0
76,56,5575.0
76,57,5717.0
76,58,6115.0
76,59,6240.0
76,60,6376.0
76,61,6503.0
76,62,7039.0
76,63,7185.0
76,64,7468.0
76,65,7610.0
76,66,16560.0
76,67,16900.0
76,68,17270.0
76,69,17620.0
76,70,19600.0
76,71,20030.0
76,72,20570.0
76,73,20920.6
76,74,83976.18
76,75,85614.42
77,0,8.96702
77,1,17.0
77,2,28.0
77,3,40.0
77,4,57.0
77,5,72.0
77,6,89.0
77,7,105.0
77,8,122.7
77,9,194.8
77,10,217.0
77,11,240.0
77,12,264.0
77,13,303.0
77,14,329.0
77,15,356.0
77,16,407.0
77,17,445.0
77,18,472.0
77,19,510.0
77,20,560.0
77,21,610.0
77,22,670.0
77,23,720.0
77,24,770.0
77,25,820.0
77,26,870.0
77,27,920.0
77,28,980.0
77,29,1030.0
77,30,1080.0
77,31,1331.0
77,32,1381.0
77,33,1436.0
77,34,1493.0
77,35,1548.0
77,36,1603.0
77,37,1684.0
77,38,1739.0
77,39,1801.0
77,40,1857.0
77,41,2083.0
77,42,2139.0
77,43,2201.0
77,44,2258.0
77,45,2435.0
77,46,2500.0
77,47,2656.0
77,48,2720.4
77,49,4540.0
77,50,4668.0
77,51,4806.0
77,52,4952.0
77,53,5092.0
77,54,5229.0
77,55,5466.0
77,56,5609.0
77,57,5765.0
77,58,5910.0
77,59,6315.0
77,60,6441.0
77,61,6580.0
77,62,6708.0
77,63,7274.0
77,64,7421.0
77,65,7710.0
77,66,7850.0
77,67,17040.0
77,68,17390.0
77,69,17770.0
77,70,18120.0
77,71,20210.0
77,72,20650.0
77,73,21200.0
77,74,21556.6
77,75,86442.44
77,76,88113.6
78,0,8.95883
78,1,18.56
78,2,29.0
78,3,43.0
78,4,56.0
78,5,75.0
78,6,91.0
78,7,109.0
78,8,126.0
78,9,144.9
78,10,220.4
78,11,245.0
78,12,269.0
78,13,293.0
78,14,332.0
78,15,358.0
78,16,392.0
78,17,445.0
78,18,479.0
78,19,507.0
78,20,550.0
78,21,610.0
78,22,660.0
78,23,710.0
78,24,760.0
78,25,820.0
78,26,870.0
78,27,930.0
78,28,980.0
78,29,1040.0
78,30,1090.0
78,31,1140.0
78,32,1402.0
78,33,1454.0
78,34,1509.0
78,35,1567.0
78,36,1624.0
78,37,1680.0
78,38,1763.0
78,39,1821.0
78,40,1883.0
78,41,1941.0
78,42,2171.0
78,43,2228.0
78,44,2291.0
78,45,2350.0
78,46,2536.0
78,47,2603.0
78,48,2762.0
78,49,2827.8
78,50,4715.0
78,51,4839.0
78,52,4980.0
78,53,5128.0
78,54,5270.0
78,55,5410.0
78,56,5654.0
78,57,5800.0
78,58,5959.0
78,59,6106.0
78,60,6517.0
78,61,6646.0
78,62,6787.0
78,63,6918.0
78,64,7512.0
78,65,7660.0
78,66,7960.0
78,67,8100.0
78,68,17540.0
78,69,17890.0
78,70,18280.0
78,71,18630.0
78,72,20840.0
78,73,21280.0
78,74,21840.0
78,75,22205.7
78,76,88955.1
78,77,90659.84
79,0,9.225554
79,1,20.203
79,2,30.0
79,3,45.0
79,4,60.0
79,5,74.0
79,6,94.0
79,7,112.0
79,8,130.1
79,9,149.0
79,10,168.2
79,11,248.0
79,12,275.0
79,13,299.0
79,14,324.0
79,15,365.0
79,16,392.0
79,17,433.0
79,18,487.0
79,19,520.0
79,20,550.0
79,21,600.0
79,22,650.0
79,23,710.0
79,24,760.0
79,25,820.0
79,26,870.0
79,27,930.0
79,28,990.0
79,29,1040.0
79,30,1100.0
79,31,1150.0
79,32,1210.0
79,33,1475.0
79,34,1527.0
79,35,1584.0
79,36,1644.0
79,37,1702.0
79,38,1758.0
79,39,1845.0
79,40,1904.0
79,41,1967.0
79,42,2026.0
79,43,2261.0
79,44,2320.0
79,45,2383.0
79,46,2443.0
79,47,2640.0
79,48,2708.0
79,49,2870.0
79,50,2941.0
79,51,4888.0
79,52,5013.0
79,53,5156.0
79,54,5307.0
79,55,5452.0
79,56,5594.0
79,57,5846.0
79,58,5994.0
79,59,6156.0
79,60,6305.0
79,61,6724.0
79,62,6854.0
79,63,6997.0
79,64,7130.0
79,65,7760.0
79,66,7910.0
79,67,8210.0
79,68,8360.0
79,69,18040.0
79,70,18400.0
79,71,18790.0
79,72,19150.0
79,73,21470.0
79,74,21920.0
79,75,22500.0
79,76,22868.1
79,77,91515.8
79,78,93254.62
80,0,10.437504
80,1,18.75688
80,2,34.49
80,3,48.55
80,4,61.2
80,5,76.6
80,6,93.0
80,7,113.9
80,8,134.0
80,9,153.0
80,10,173.0
80,11,192.7
80,12,276.9
80,13,307.0
80,14,332.0
80,15,357.0
80,16,402.0
80,17,429.0
80,18,477.0
80,19,530.0
80,20,560.0
80,21,590.0
80,22,650.0
80,23,710.0
80,24,760.0
80,25,820.0
80,26,880.0
80,27,930.0
80,28,990.0
80,29,1050.0
80,30,1110.0
80,31,1160.0
80,32,1220.0
80,33,1280.0
80,34,1549.0
80,35,1603.0
80,36,1661.0
80,37,1723.0
80,38,1780.0
80,39,1839.0
80,40,1928.0
80,41,1989.0
80,42,2052.0
80,43,2113.0
80,44,2354.0
80,45,2412.0
80,46,2478.0
80,47,2539.0
80,48,2745.0
80,49,2815.0
80,50,2981.0
80,51,3049.9
80,52,5055.0
80,53,5191.0
80,54,5335.0
80,55,5490.0
80,56,5636.0
80,57,5780.0
80,58,6041.0
80,59,6192.0
80,60,6356.0
80,61,6508.0
80,62,6933.0
80,63,7066.0
80,64,7211.0
80,65,7350.0
80,66,8010.0
80,67,8160.0
80,68,8470.0
80,69,8620.0
80,70,18550.0
80,71,18910.0
80,72,19310.0
80,73,19680.0
80,74,22120.0
80,75,22580.0
80,76,23170.0
80,77,23544.1
80,78,94124.7
80,79,95898.19
81,0,6.1082873
81,1,20.4283
81,2,29.852
81,3,51.14
81,4,62.6
81,5,80.0
81,6,97.9
81,7,116.0
81,8,135.0
81,9,158.0
81,10,177.0
81,11,198.0
81,12,218.3
81,13,306.9
81,14,340.0
81,15,366.0
81,16,392.0
81,17,439.0
81,18,467.0
81,19,520.0
81,20,570.0
81,21,600.0
81,22,640.0
81,23,700.0
81,24,760.0
81,25,820.0
81,26,880.0
81,27,930.0
81,28,990.0
81,29,1060.0
81,30,1110.0
81,31,1170.0
81,32,1230.0
81,33,1290.0
81,34,1350.0
81,35,1625.0
81,36,1681.0
81,37,1740.0
81,38,1802.0
81,39,1862.0
81,40,1920.0
81,41,2014.0
81,42,2075.0
81,43,2140.0
81,44,2202.0
81,45,2447.0
81,46,2508.0
81,47,2574.0
81,48,2635.0
81,49,2854.0
81,50,2925.0
81,51,3094.0
81,52,3164.7
81,53,5234.0
81,54,5371.0
81,55,5518.0
81,56,5674.0
81,57,5824.0
81,58,5969.0
81,59,6241.0
81,60,6392.0
81,61,6560.0
81,62,6714.0
81,63,7146.0
81,64,7281.0
81,65,7430.0
81,66,7570.0
81,67,8260.0
81,68,8420.0
81,69,8730.0
81,70,8880.0
81,71,19070.0
81,72,19440.0
81,73,19840.0
81,74,20210.0
81,75,22780.0
81,76,23250.0
81,77,23850.0
81,78,24234.1
81,79,96783.2
81,80,98592.12
82,0,7.4166799
82,1,15.032499
82,2,31.9373
82,3,42.33256
82,4,68.8
82,5,82.9
82,6,100.1
82,7,120.0
82,8,138.0
82,9,158.0
82,10,182.0
82,11,203.0
82,12,224.0
82,13,245.1
82,14,338.1
82,15,374.0
82,16,401.0
82,17,427.0
82,18,478.0
82,19,507.0
82,20,570.0
82,21,610.0
82,22,650.0
82,23,690.0
82,24,750.0
82,25,810.0
82,26,870.0
82,27,930.0
82,28,990.0
82,29,1050.0
82,30,1120.0
82,31,1180.0
82,32,1240.0
82,33,1300.0
82,34,1360.0
82,35,1430.0
82,36,1704.0
82,37,1760.0
82,38,1819.0
82,39,1884.0
82,40,1945.0
82,41,2004.0
82,42,2101.0
82,43,2163.0
82,44,2230.0
82,45,2292.0
82,46,2543.0
82,47,2605.0
82,48,2671.0
82,49,2735.0
82,50,2965.0
82,51,3036.0
82,52,3211.0
82,53,3282.1
82,54,5414.0
82,55,5555.0
82,56,5703.0
82,57,5862.0
82,58,6015.0
82,59,6162.0
82,60,6442.0
82,61,6597.0
82,62,6767.0
82,63,6924.0
82,64,7362.0
82,65,7500.0
82,66,7650.0
82,67,7790.0
82,68,8520.0
82,69,8680.0
82,70,9000.0
82,71,9150.0
82,72,19590.0
82,73,19970.0
82,74,20380.0
82,75,20750.0
82,76,23460.0
82,77,23940.0
82,78,24550.0
82,79,24938.2
82,80,99491.8
82,81,101336.7
83,0,7.285516
83,1,16.703
83,2,25.57075
83,3,45.37
83,4,54.856
83,5,88.4
83,6,103.0
83,7,122.0
83,8,143.0
83,9,161.1
83,10,183.0
83,11,208.0
83,12,229.0
83,13,252.0
83,14,272.6
83,15,370.2
83,16,409.0
83,17,436.0
83,18,464.0
83,19,520.0
83,20,550.0
83,21,620.0
83,22,660.0
83,23,690.0
83,24,750.0
83,25,810.0
83,26,870.0
83,27,930.0
83,28,990.0
83,29,1060.0
83,30,1120.0
83,31,1180.0
83,32,1250.0
83,33,1310.0
83,34,1380.0
83,35,1440.0
83,36,1500.0
83,37,1784.0
83,38,1840.0
83,39,1902.0
83,40,1967.0
83,41,2029.0
83,42,2090.0
83,43,2190.0
83,44,2253.0
83,45,2321.0
83,46,2385.0
83,47,2641.0
83,48,2703.0
83,49,2771.0
83,50,2835.0
83,51,3078.0
83,52,3151.0
83,53,3329.0
83,54,3401.8
83,55,5599.0
83,56,5740.0
83,57,5892.0
83,58,6054.0
83,59,6208.0
83,60,6358.0
83,61,6648.0
83,62,6804.0
83,63,6977.0
83,64,7137.0
83,65,7580.0
83,66,7720.0
83,67,7870.0
83,68,8010.0
83,69,8780.0
83,70,8950.0
83,71,9270.0
83,72,9430.0
83,73,20130.0
83,74,20500.0
83,75,20920.0
83,76,21300.0
83,77,24150.0
83,78,24640.0
83,79,25260.0
83,80,25656.9
83,81,102251.8
83,82,104133.4
84,0,8.41807
84,1,19.3
84,2,27.3
84,3,36.0
84,4,57.0
84,5,69.1
84,6,108.0
84,7,125.0
84,8,146.1
84,9,166.0
84,10,186.0
84,11,209.0
84,12,235.0
84,13,257.0
84,14,281.0
84,15,304.0
84,16,416.0
84,17,444.0
84,18,473.0
84,19,502.0
84,20,560.0
84,21,590.0
84,22,670.0
84,23,700.0
84,24,740.0
84,25,800.0
84,26,870.0
84,27,930.0
84,28,990.0
84,29,1060.0
84,30,1120.0
84,31,1180.0
84,32,1250.0
84,33,1320.0
84,34,1380.0
84,35,1440.0
84,36,1510.0
84,37,1570.0
84,38,1865.0
84,39,1923.0
84,40,1986.0
84,41,2052.0
84,42,2115.0
84,43,2177.0
84,44,2281.0
84,45,2345.0
84,46,2414.0
84,47,2480.0
84,48,2740.0
84,49,2803.0
84,50,2873.0
84,51,2938.0
84,52,3194.0
84,53,3268.0
84,54,3450.0
84,55,3524.2
84,56,5785.0
84,57,5930.0
84,58,6084.0
84,59,6248.0
84,60,6405.0
84,61,6557.0
84,62,6856.0
84,63,7015.0
84,64,7191.0
84,65,7350.0
84,66,7810.0
84,67,7950.0
84,68,8100.0
84,69,8240.0
84,70,9050.0
84,71,9220.0
84,72,9550.0
84,73,9710.0
84,74,20670.0
84,75,21050.0
84,76,21470.0
84,77,21860.0
84,78,24860.0
84,79,25360.0
84,80,25990.0
84,81,26390.4
84,82,105064.3
84,83,106983.4
85,0,9.31751
85,1,17.88
85,2,26.58
85,3,39.65
85,4,50.39
85,5,72.0
85,6,85.1
85,7,130.1
85,8,149.0
85,9,169.0
85,10,192.1
85,11,212.0
85,12,236.0
85,13,263.0
85,14,287.0
85,15,311.0
85,16,335.0
85,17,452.0
85,18,481.0
85,19,510.0
85,20,540.0
85,21,600.0
85,22,630.0
85,23,720.0
85,24,750.0
85,25,790.0
85,26,860.0
85,27,920.0
85,28,990.0
85,29,1050.0
85,30,1120.0
85,31,1180.0
85,32,1250.0
85,33,1320.0
85,34,1380.0
85,35,1450.0
85,36,1510.0
85,37,1590.0
85,38,1650.0
85,39,1948.0
85,40,2007.0
85,41,2071.0
85,42,2139.0
85,43,2203.0
85,44,2266.0
85,45,2373.0
85,46,2439.0
85,47,2510.0
85,48,2576.0
85,49,2841.0
85,50,2905.0
85,51,2977.0
85,52,3042.0
85,53,3312.0
85,54,3388.0
85,55,3573.0
85,56,3649.0
85,57,5976.0
85,58,6122.0
85,59,6279.0
85,60,6445.0
85,61,6604.0
85,62,6759.0
85,63,7068.0
85,64,7230.0
85,65,7410.0
85,66,7570.0
85,67,8030.0
85,68,8180.0
85,69,8330.0
85,70,8480.0
85,71,9330.0
85,72,9500.0
85,73,9830.0
85,74,9990.0
85,75,21210.0
85,76,21600.0
85,77,22030.0
85,78,22420.0
85,79,25580.0
85,80,26090.0
85,81,26730.0
85,82,27139.0
85,83,107930.0
85,84,109887.2
86,0,10.7485
86,1,18.99
86,2,29.4
86,3,36.9
86,4,52.9
86,5,64.0
86,6,88.0
86,7,102.0
86,8,154.0
86,9,173.9
86,10,195.0
86,11,218.0
86,12,240.0
86,13,264.0
86,14,293.0
86,15,317.0
86,16,342.0
86,17,367.0
86,18,488.0
86,19,520.0
86,20,550.0
86,21,580.0
86,22,640.0
86,23,680.0
86,24,760.0
86,25,800.0
86,26,850.0
86,27,920.0
86,28,980.0
86,29,1050.0
86,30,1110.0
86,31,1180.0
86,32,1250.0
86,33,1310.0
86,34,1390.0
86,35,1460.0
86,36,1520.0
86,37,1590.0
86,38,1660.0
86,39,1720.0
86,40,2033.0
86,41,2094.0
86,42,2158.0
86,43,2227.0
86,44,2293.0
86,45,2357.0
86,46,2467.0
86,47,2535.0
86,48,2606.0
86,49,2674.0
86,50,2944.0
86,51,3010.0
86,52,3082.0
86,53,3149.0
86,54,3433.0
86,55,3510.0
86,56,3699.0
86,57,3777.0
86,58,6169.0
86,59,6318.0
86,60,6476.0
86,61,6646.0
86,62,6807.0
86,63,6964.0
86,64,7283.0
86,65,7450.0
86,66,7630.0
86,67,7800.0
86,68,8260.0
86,69,8410.0
86,70,8570.0
86,71,8710.0
86,72,9610.0
86,73,9780.0
86,74,10120.0
86,75,10290.0
86,76,21770.0
86,77,22160.0
86,78,22600.0
86,79,22990.0
86,80,26310.0
86,81,26830.0
86,82,27490.0
86,83,27903.1
86,84,110846.3
86,85,112842.2
87,0,4.0727411
87,1,22.4
87,2,33.5
87,3,39.1
87,4,50.0
87,5,67.0
87,6,80.0
87,7,106.0
87,8,120.0
87,9,179.0
87,10,200.0
87,11,222.1
87,12,245.0
87,13,269.0
87,14,293.0
87,15,324.0
87,16,349.0
87,17,375.0
87,18,400.0
87,19,530.0
87,20,560.0
87,21,590.0
87,22,620.0
87,23,690.0
87,24,720.0
87,25,810.0
87,26,850.0
87,27,910.0
87,28,980.0
87,29,1040.0
87,30,1110.0
87,31,1180.0
87,32,1250.0
87,33,1320.0
87,34,1380.0
87,35,1460.0
87,36,1530.0
87,37,1600.0
87,38,1670.0
87,39,1740.0
87,40,1810.0
87,41,2119.0
87,42,2182.0
87,43,2247.0
87,44,2317.0
87,45,2384.0
87,46,2450.0
87,47,2564.0
87,48,2631.0
87,49,2706.0
87,50,2774.0
87,51,3049.0
87,52,3115.0
87,53,3190.0
87,54,3257.0
87,55,3556.0
87,56,3635.0
87,57,3828.0
87,58,3907.0
87,59,6365.0
87,60,6516.0
87,61,6678.0
87,62,6849.0
87,63,7013.0
87,64,7172.0
87,65,7500.0
87,66,7670.0
87,67,7850.0
87,68,8020.0
87,69,8500.0
87,70,8640.0
87,71,8800.0
87,72,8950.0
87,73,9890.0
87,74,10070.0
87,75,10420.0
87,76,10590.0
87,77,22330.0
87,78,22730.0
87,79,23170.0
87,80,23570.0
87,81,27060.0
87,82,27590.0
87,83,28260.0
87,84,28683.4
87,85,113821.9
87,86,115857.5
88,0,5.2784239
88,1,10.14718
88,2,31.0
88,3,41.0
88,4,52.9
88,5,64.0
88,6,82.0
88,7,97.0
88,8,124.0
88,9,140.0
88,10,204.9
88,11,227.0
88,12,250.0
88,13,274.0
88,14,299.0
88,15,324.0
88,16,356.0
88,17,382.0
88,18,409.0
88,19,435.0
88,20,570.0
88,21,600.0
88,22,630.0
88,23,660.0
88,24,740.0
88,25,770.0
88,26,860.0
88,27,900.0
88,28,970.0
88,29,1040.0
88,30,1110.0
88,31,1180.0
88,32,1250.0
88,33,1320.0
88,34,1390.0
88,35,1460.0
88,36,1530.0
88,37,1610.0
88,38,1680.0
88,39,1750.0
88,40,1820.0
88,41,1880.0
88,42,2208.0
88,43,2271.0
88,44,2338.0
88,45,2409.0
88,46,2477.0
88,47,2544.0
88,48,2662.0
88,49,2731.0
88,50,2806.0
88,51,2876.0
88,52,3155.0
88,53,3224.0
88,54,3298.0
88,55,3368.0
88,56,3682.0
88,57,3762.0
88,58,3959.0
88,59,4040.0
88,60,6565.0
88,61,6718.0
88,62,6881.0
88,63,7056.0
88,64,7222.0
88,65,7380.0
88,66,7720.0
88,67,7890.0
88,68,8080.0
88,69,8250.0
88,70,8730.0
88,71,8880.0
88,72,9040.0
88,73,9200.0
88,74,10190.0
88,75,10360.0
88,76,10720.0
88,77,10890.0
88,78,22900.0
88,79,23300.0
88,80,23750.0
88,81,24160.0
88,82,27830.0
88,83,28370.0
88,84,29050.0
88,85,29479.8
88,86,116853.5
88,87,118929.5
89,0,5.380235
89,1,11.75
89,2,17.436
89,3,44.8
89,4,55.0
89,5,67.0
89,6,79.0
89,7,98.9
89,8,113.9
89,9,143.9
89,10,161.1
89,11,233.0
89,12,255.0
89,13,279.0
89,14,305.0
89,15,330.0
89,16,355.0
89,17,390.0
89,18,416.0
89,19,444.0
89,20,470.0
89,21,610.0
89,22,640.0
89,23,670.0
89,24,710.0
89,25,780.0
89,26,820.0
89,27,920.0
89,28,950.0
89,29,1030.0
89,30,1100.0
89,31,1170.0
89,32,1240.0
89,33,1310.0
89,34,1380.0
89,35,1460.0
89,36,1530.0
89,37,1610.0
89,38,1680.0
89,39,1750.0
89,40,1820.0
89,41,1900.0
89,42,1970.0
89,43,2298.0
89,44,2362.0
89,45,2430.0
89,46,2503.0
89,47,2572.0
89,48,2639.0
89,49,2762.0
89,50,2833.0
89,51,2908.0
89,52,2980.0
89,53,3264.0
89,54,3334.0
89,55,3409.0
89,56,3479.0
89,57,3811.0
89,58,3893.0
89,59,4093.0
89,60,4175.0
89,61,6767.0
89,62,6923.0
89,63,7088.0
89,64,7265.0
89,65,7430.0
89,66,7600.0
89,67,7950.0
89,68,8120.0
89,69,8310.0
89,70,8480.0
89,71,8970.0
89,72,9120.0
89,73,9290.0
89,74,9440.0
89,75,10480.0
89,76,10660.0
89,77,11030.0
89,78,11200.0
89,79,23480.0
89,80,23890.0
89,81,24340.0
89,82,24760.0
89,83,28610.0
89,84,29160.0
89,85,29850.0
89,86,30293.1
89,87,119945.7
89,88,122063.1
90,0,6.3067
90,1,12.1
90,2,18.32
90,3,28.648
90,4,58.0
90,5,69.1
90,6,82.0
90,7,95.0
90,8,118.0
90,9,133.0
90,10,165.0
90,11,181.0
90,12,262.0
90,13,285.0
90,14,310.0
90,15,336.0
90,16,362.0
90,17,389.0
90,18,424.0
90,19,451.0
90,20,480.0
90,21,508.0
90,22,650.0
90,23,680.0
90,24,720.0
90,25,750.0
90,26,830.0
90,27,870.0
90,28,970.0
90,29,1010.0
90,30,1090.0
90,31,1160.0
90,32,1240.0
90,33,1310.0
90,34,1380.0
90,35,1460.0
90,36,1530.0
90,37,1600.0
90,38,1680.0
90,39,1760.0
90,40,1830.0
90,41,1910.0
90,42,1980.0
90,43,2060.0
90,44,2390.0
90,45,2455.0
90,46,2524.0
90,47,2598.0
90,48,2669.0
90,49,2737.0
90,50,2864.0
90,51,2935.0
90,52,3013.0
90,53,3086.0
90,54,3375.0
90,55,3445.0
90,56,3522.0
90,57,3593.0
90,58,3943.0
90,59,4025.0
90,60,4230.0
90,61,4313.0
90,62,6972.0
90,63,7130.0
90,64,7299.0
90,65,7480.0
90,66,7650.0
90,67,7810.0
90,68,8180.0
90,69,8350.0
90,70,8550.0
90,71,8720.0
90,72,9220.0
90,73,9370.0
90,74,9540.0
90,75,9690.0
90,76,10790.0
90,77,10970.0
90,78,11340.0
90,79,11510.0
90,80,24060.0
90,81,24480.0
90,82,24940.0
90,83,25360.0
90,84,29410.0
90,85,29970.0
90,86,30680.0
90,87,31122.8
90,88,123091.0
90,89,125250.3
91,0,5.89
91,1,11.9
91,2,18.6
91,3,30.9
91,4,44.3
91,5,72.0
91,6,85.1
91,7,98.9
91,8,111.0
91,9,137.0
91,10,153.0
91,11,187.0
91,12,203.0
91,13,292.0
91,14,316.0
91,15,342.0
91,16,369.0
91,17,395.0
91,18,423.0
91,19,460.0
91,20,488.0
91,21,518.0
91,22,546.0
91,23,690.0
91,24,720.0
91,25,760.0
91,26,790.0
91,27,880.0
91,28,920.0
91,29,1020.0
91,30,1060.0
91,31,1150.0
91,32,1220.0
91,33,1300.0
91,34,1370.0
91,35,1450.0
91,36,1520.0
91,37,1600.0
91,38,1670.0
91,39,1760.0
91,40,1830.0
91,41,1910.0
91,42,1980.0
91,43,2060.0
91,44,2130.0
91,45,2483.0
91,46,2550.0
91,47,2620.0
91,48,2696.0
91,49,2766.0
91,50,2837.0
91,51,2968.0
91,52,3040.0
91,53,3119.0
91,54,3193.0
91,55,3488.0
91,56,3558.0
91,57,3637.0
91,58,3709.0
91,59,4077.0
91,60,4161.0
91,61,4370.0
91,62,4454.0
91,63,7181.0
91,64,7341.0
91,65,7510.0
91,66,7690.0
91,67,7870.0
91,68,8040.0
91,69,8410.0
91,70,8590.0
91,71,8780.0
91,72,8960.0
91,73,9460.0
91,74,9620.0
91,75,9790.0
91,76,9950.0
91,77,11100.0
91,78,11290.0
91,79,11660.0
91,80,11840.0
91,81,24660.0
91,82,25080.0
91,83,25540.0
91,84,25970.0
91,85,30230.0
91,86,30800.0
91,87,31520.0
91,88,31971.6
91,89,126304.8
91,90,128507.0
92,0,6.19405
92,1,11.6
92,2,19.8
92,3,36.7
92,4,46.0
92,5,62.0
92,6,89.0
92,7,101.0
92,8,116.0
92,9,128.9
92,10,158.0
92,11,173.0
92,12,210.0
92,13,227.0
92,14,323.0
92,15,348.0
92,16,375.0
92,17,402.0
92,18,431.0
92,19,458.0
92,20,497.0
92,21,525.0
92,22,557.0
92,23,585.0
92,24,730.0
92,25,770.0
92,26,800.0
92,27,840.0
92,28,930.0
92,29,970.0
92,30,1070.0
92,31,1110.0
92,32,1210.0
92,33,1290.0
92,34,1370.0
92,35,1440.0
92,36,1520.0
92,37,1590.0
92,38,1670.0
92,39,1750.0
92,40,1830.0
92,41,1910.0
92,42,1990.0
92,43,2070.0
92,44,2140.0
92,45,2220.0
92,46,2578.0
92,47,2646.0
92,48,2718.0
92,49,2794.0
92,50,2867.0
92,51,2938.0
92,52,3073.0
92,53,3147.0
92,54,3228.0
92,55,3301.0
92,56,3602.0
92,57,3675.0
92,58,3753.0
92,59,3827.0
92,60,4214.0
92,61,4299.0
92,62,4513.0
92,63,4598.0
92,64,7393.0
92,65,7550.0
92,66,7730.0
92,67,7910.0
92,68,8090.0
92,69,8260.0
92,70,8650.0
92,71,8830.0
92,72,9030.0
92,73,9210.0
92,74,9720.0
92,75,9870.0
92,76,10040.0
92,77,10200.0
92,78,11410.0
92,79,11600.0
92,80,11990.0
92,81,12160.0
92,82,25260.0
92,83,25680.0
92,84,26150.0
92,85,26590.0
92,86,31060.0
92,87,31640.0
92,88,32400.0
92,89,32836.5
92,90,129569.9
92,91,131816.2
93,0,6.265608
93,1,11.5
93,2,19.7
93,3,33.8
93,4,48.0
93,5,65.0
93,6,92.0
93,7,107.0
93,8,121.0
93,9,136.0
93,10,151.0
93,11,179.0
93,12,196.0
93,13,233.0
93,14,252.0
93,15,355.0
93,16,382.0
93,17,408.0
93,18,438.0
93,19,466.0
93,20,495.0
93,21,535.0
93,22,565.0
93,23,596.0
93,24,626.0
93,25,770.0
93,26,810.0
93,27,850.0
93,28,880.0
93,29,980.0
93,30,1020.0
93,31,1130.0
93,32,1170.0
93,33,1280.0
93,34,1360.0
93,35,1430.0
93,36,1510.0
93,37,1590.0
93,38,1670.0
93,39,1740.0
93,40,1820.0
93,41,1910.0
93,42,1990.0
93,43,2070.0
93,44,2140.0
93,45,2230.0
93,46,2310.0
93,47,2675.0
93,48,2745.0
93,49,2817.0
93,50,2894.0
93,51,2969.0
93,52,3041.0
93,53,3181.0
93,54,3255.0
93,55,3338.0
93,56,3413.0
93,57,3718.0
93,58,3792.0
93,59,3872.0
93,60,3947.0
93,61,4353.0
93,62,4441.0
93,63,4658.0
93,64,4744.0
93,65,7610.0
93,66,7770.0
93,67,7950.0
93,68,8130.0
93,69,8310.0
93,70,8480.0
93,71,8890.0
93,72,9070.0
93,73,9270.0
93,74,9450.0
93,75,9970.0
93,76,10130.0
93,77,10300.0
93,78,10470.0
93,79,11730.0
93,80,11930.0
93,81,12320.0
93,82,12500.0
93,83,25870.0
93,84,26300.0
93,85,26770.0
93,86,27210.0
93,87,31910.0
93,88,32500.0
93,89,33300.0
93,90,33722.2
93,91,132911.0
93,92,135202.0
94,0,6.02576
94,1,11.5
94,2,21.1
94,3,35.0
94,4,49.0
94,5,80.0
94,6,95.0
94,7,109.0
94,8,124.0
94,9,139.0
94,10,159.0
94,11,179.0
94,12,200.0
94,13,219.0
94,14,258.0
94,15,278.0
94,16,389.0
94,17,416.0
94,18,444.0
94,19,474.0
94,20,503.0
94,21,532.0
94,22,575.0
94,23,605.0
94,24,637.0
94,25,668.0
94,26,820.0
94,27,850.0
94,28,890.0
94,29,930.0
94,30,1030.0
94,31,1070.0
94,32,1180.0
94,33,1220.0
94,34,1340.0
94,35,1420.0
94,36,1500.0
94,37,1580.0
94,38,1660.0
94,39,1740.0
94,40,1820.0
94,41,1890.0
94,42,1990.0
94,43,2070.0
94,44,2150.0
94,45,2230.0
94,46,2310.0
94,47,2390.0
94,48,2774.0
94,49,2844.0
94,50,2918.0
94,51,2997.0
94,52,3072.0
94,53,3146.0
94,54,3290.0
94,55,3366.0
94,56,3449.0
94,57,3527.0
94,58,3836.0
94,59,3911.0
94,60,3993.0
94,61,4068.0
94,62,4496.0
94,63,4585.0
94,64,4807.0
94,65,4890.0
94,66,7830.0
94,67,7990.0
94,68,8170.0
94,69,8360.0
94,70,8540.0
94,71,8710.0
94,72,9130.0
94,73,9310.0
94,74,9520.0
94,75,9700.0
94,76,10230.0
94,77,10390.0
94,78,10570.0
94,79,10730.0
94,80,12060.0
94,81,12260.0
94,82,12660.0
94,83,12840.0
94,84,26480.0
94,85,26920.0
94,86,27400.0
94,87,27840.0
94,88,32800.0
94,89,33400.0
94,90,34100.0
94,91,34625.8
94,92,136305.1
94,93,138640.2
95,0,5.97381
95,1,11.7
95,2,21.7
95,3,36.8
95,4,50.0
95,5,67.9
95,6,95.0
95,7,110.0
95,8,125.0
95,9,141.0
95,10,163.0
95,11,184.0
95,12,206.0
95,13,225.0
95,14,242.0
95,15,284.0
95,16,305.0
95,17,424.0
95,18,451.0
95,19,481.0
95,20,511.0
95,21,541.0
95,22,571.0
95,23,616.0
95,24,646.0
95,25,680.0
95,26,711.0
95,27,870.0
95,28,900.0
95,29,940.0
95,30,980.0
95,31,1090.0
95,32,1130.0
95,33,1240.0
95,34,1280.0
95,35,1410.0
95,36,1490.0
95,37,1570.0
95,38,1650.0
95,39,1730.0
95,40,1820.0
95,41,1900.0
95,42,1980.0
95,43,2070.0
95,44,2160.0
95,45,2240.0
95,46,2320.0
95,47,2410.0
95,48,2480.0
95,49,2874.0
95,50,2946.0
95,51,3021.0
95,52,3101.0
95,53,3178.0
95,54,3251.0
95,55,3402.0
95,56,3479.0
95,57,3563.0
95,58,3641.0
95,59,3956.0
95,60,4033.0
95,61,4115.0
95,62,4191.0
95,63,4642.0
95,64,4733.0
95,65,4960.0
95,66,5050.0
95,67,8040.0
95,68,8210.0
95,69,8390.0
95,70,8590.0
95,71,8770.0
95,72,8950.0
95,73,9380.0
95,74,9560.0
95,75,9770.0
95,76,9960.0
95,77,10490.0
95,78,10650.0
95,79,10830.0
95,80,11000.0
95,81,12400.0
95,82,12600.0
95,83,13000.0
95,84,13190.0
95,85,27110.0
95,86,27550.0
95,87,28040.0
95,88,28500.0
95,89,33700.0
95,90,34300.0
95,91,35100.0
95,92,35549.4
95,93,139769.5
95,94,142153.5
96,0,5.992241
96,1,12.4
96,2,20.1
96,3,37.7
96,4,51.0
96,5,69.1
96,6,97.0
96,7,112.0
96,8,128.0
96,9,144.0
96,10,167.0
96,11,190.0
96,12,213.0
96,13,235.0
96,14,253.0
96,15,272.0
96,16,311.0
96,17,332.0
96,18,460.0
96,19,489.0
96,20,518.0
96,21,550.0
96,22,580.0
96,23,611.0
96,24,657.0
96,25,689.0
96,26,723.0
96,27,755.0
96,28,910.0
96,29,950.0
96,30,990.0
96,31,1030.0
96,32,1140.0
96,33,1180.0
96,34,1300.0
96,35,1340.0
96,36,1480.0
96,37,1560.0
96,38,1650.0
96,39,1730.0
96,40,1810.0
96,41,1890.0
96,42,1980.0
96,43,2060.0
96,44,2160.0
96,45,2240.0
96,46,2320.0
96,47,2410.0
96,48,2490.0
96,49,2580.0
96,50,2976.0
96,51,3050.0
96,52,3125.0
96,53,3207.0
96,54,3284.0
96,55,3360.0
96,56,3515.0
96,57,3593.0
96,58,3679.0
96,59,3758.0
96,60,4078.0
96,61,4156.0
96,62,4239.0
96,63,4317.0
96,64,4791.0
96,65,4880.0
96,66,5110.0
96,67,5200.0
96,68,8270.0
96,69,8440.0
96,70,8620.0
96,71,8820.0
96,72,9000.0
96,73,9180.0
96,74,9630.0
96,75,9820.0
96,76,10020.0
96,77,10220.0
96,78,10760.0
96,79,10920.0
96,80,11100.0
96,81,11270.0
96,82,12740.0
96,83,12950.0
96,84,13350.0
96,85,13550.0
96,86,27740.0
96,87,28180.0
96,88,28700.0
96,89,29100.0
96,90,34600.0
96,91,35200.0
96,92,36000.0
96,93,36493.0
96,94,143311.0
96,95,145740.1
97,0,6.19785
97,1,11.9
97,2,21.6
97,3,36.0
97,4,56.0
97,5,70.1
97,6,90.0
97,7,114.0
97,8,130.0
97,9,147.0
97,10,171.0
97,11,195.0
97,12,218.0
97,13,240.0
97,14,259.0
97,15,279.0
97,16,303.0
97,17,339.0
97,18,361.0
97,19,497.0
97,20,526.0
97,21,557.0
97,22,590.0
97,23,621.0
97,24,652.0
97,25,700.0
97,26,733.0
97,27,768.0
97,28,800.0
97,29,960.0
97,30,1000.0
97,31,1040.0
97,32,1080.0
97,33,1200.0
97,34,1240.0
97,35,1360.0
97,36,1410.0
97,37,1550.0
97,38,1630.0
97,39,1720.0
97,40,1800.0
97,41,1890.0
97,42,1970.0
97,43,2050.0
97,44,2140.0
97,45,2240.0
97,46,2320.0
97,47,2410.0
97,48,2490.0
97,49,2580.0
97,50,2670.0
97,51,3080.0
97,52,3154.0
97,53,3232.0
97,54,3315.0
97,55,3393.0
97,56,3469.0
97,57,3630.0
97,58,3709.0
97,59,3797.0
97,60,3877.0
97,61,4202.0
97,62,4281.0
97,63,4365.0
97,64,4445.0
97,65,4940.0
97,66,5040.0
97,67,5270.0
97,68,5360.0
97,69,8500.0
97,70,8670.0
97,71,8850.0
97,72,9050.0
97,73,9240.0
97,74,9420.0
97,75,9880.0
97,76,10070.0
97,77,10280.0
97,78,10480.0
97,79,11020.0
97,80,11190.0
97,81,11380.0
97,82,11550.0
97,83,13090.0
97,84,13300.0
97,85,13720.0
97,86,13910.0
97,87,28380.0
97,88,28800.0
97,89,29300.0
97,90,29800.0
97,91,35500.0
97,92,36200.0
97,93,37000.0
97,94,37457.6
97,95,146917.0
97,96,149398.0
98,0,6.281878
98,1,12.0
98,2,22.4
98,3,37.7
98,4,51.9
98,5,75.0
98,6,91.0
98,7,112.9
98,8,133.0
98,9,152.0
98,10,178.0
98,11,201.0
98,12,225.0
98,13,247.0
98,14,265.0
98,15,286.0
98,16,310.0
98,17,334.0
98,18,368.0
98,19,390.0
98,20,536.0
98,21,566.0
98,22,597.0
98,23,630.0
98,24,662.0
98,25,695.0
98,26,744.0
98,27,778.0
98,28,814.0
98,29,847.0
98,30,1010.0
98,31,1050.0
98,32,1090.0
98,33,1120.0
98,34,1250.0
98,35,1300.0
98,36,1420.0
98,37,1470.0
98,38,1620.0
98,39,1700.0
98,40,1790.0
98,41,1880.0
98,42,1960.0
98,43,2050.0
98,44,2130.0
98,45,2220.0
98,46,2320.0
98,47,2410.0
98,48,2490.0
98,49,2580.0
98,50,2670.0
98,51,2750.0
98,52,3186.0
98,53,3261.0
98,54,3340.0
98,55,3424.0
98,56,3503.0
98,57,3581.0
98,58,3747.0
98,59,3828.0
98,60,3915.0
98,61,3998.0
98,62,4329.0
98,63,4407.0
98,64,4494.0
98,65,4570.0
98,66,5100.0
98,67,5190.0
98,68,5430.0
98,69,5520.0
98,70,8730.0
98,71,8900.0
98,72,9090.0
98,73,9290.0
98,74,9480.0
98,75,9660.0
98,76,10140.0
98,77,10330.0
98,78,10550.0
98,79,10740.0
98,80,11300.0
98,81,11470.0
98,82,11650.0
98,83,11820.0
98,84,13450.0
98,85,13660.0
98,86,14080.0
98,87,14280.0
98,88,29000.0
98,89,29500.0
98,90,30000.0
98,91,30500.0
98,92,36500.0
98,93,37100.0
98,94,37900.0
98,95,38443.5
98,96,150593.0
98,97,153124.0
99,0,6.3684
99,1,12.2
99,2,22.7
99,3,38.8
99,4,54.1
99,5,71.0
99,6,97.0
99,7,112.9
99,8,137.0
99,9,157.0
99,10,180.0
99,11,206.0
99,12,231.0
99,13,252.0
99,14,270.0
99,15,294.0
99,16,317.0
99,17,342.0
99,18,367.0
99,19,398.0
99,20,421.0
99,21,576.0
99,22,606.0
99,23,638.0
99,24,672.0
99,25,705.0
99,26,738.0
99,27,790.0
99,28,824.0
99,29,861.0
99,30,895.0
99,31,1060.0
99,32,1100.0
99,33,1140.0
99,34,1180.0
99,35,1310.0
99,36,1360.0
99,37,1480.0
99,38,1530.0
99,39,1690.0
99,40,1780.0
99,41,1870.0
99,42,1950.0
99,43,2040.0
99,44,2130.0
99,45,2220.0
99,46,2300.0
99,47,2410.0
99,48,2490.0
99,49,2580.0
99,50,2680.0
99,51,2760.0
99,52,2850.0
99,53,3294.0
99,54,3370.0
99,55,3449.0
99,56,3535.0
99,57,3616.0
99,58,3694.0
99,59,3866.0
99,60,3947.0
99,61,4038.0
99,62,4120.0
99,63,4456.0
99,64,4537.0
99,65,4620.0
99,66,4700.0
99,67,5260.0
99,68,5350.0
99,69,5600.0
99,70,5690.0
99,71,8960.0
99,72,9140.0
99,73,9330.0
99,74,9530.0
99,75,9720.0
99,76,9910.0
99,77,10400.0
99,78,10590.0
99,79,10810.0
99,80,11010.0
99,81,11570.0
99,82,11740.0
99,83,11930.0
99,84,12110.0
99,85,13810.0
99,86,14030.0
99,87,14460.0
99,88,14700.0
99,89,29700.0
99,90,30100.0
99,91,30700.0
99,92,31100.0
99,93,37400.0
99,94,38100.0
99,95,38900.0
99,96,39451.4
99,97,154344.0
99,98,156927.0
100,0,6.5
100,1,12.4
100,2,23.2
100,3,39.3
100,4,55.0
100,5,74.0
100,6,93.0
100,7,120.0
100,8,136.0
100,9,162.0
100,10,185.0
100,11,209.0
100,12,237.0
100,13,257.0
100,14,276.0
100,15,300.0
100,16,326.0
100,17,351.0
100,18,377.0
100,19,402.0
100,20,430.0
100,21,453.0
100,22,616.0
100,23,647.0
100,24,680.0
100,25,716.0
100,26,749.0
100,27,782.0
100,28,837.0
100,29,871.0
100,30,909.0
100,31,944.0
100,32,1110.0
100,33,1150.0
100,34,1190.0
100,35,1230.0
100,36,1370.0
100,37,1420.0
100,38,1550.0
100,39,1600.0
100,40,1770.0
100,41,1850.0
100,42,1940.0
100,43,2030.0
100,44,2120.0
100,45,2210.0
100,46,2300.0
100,47,2390.0
100,48,2490.0
100,49,2590.0
100,50,2680.0
100,51,2760.0
100,52,2850.0
100,53,2950.0
100,54,3403.0
100,55,3480.0
100,56,3561.0
100,57,3647.0
100,58,3730.0
100,59,3810.0
100,60,3986.0
100,61,4070.0
100,62,4160.0
100,63,4245.0
100,64,4586.0
100,65,4670.0
100,66,4760.0
100,67,4840.0
100,68,5420.0
100,69,5510.0
100,70,5760.0
100,71,5860.0
100,72,9200.0
100,73,9370.0
100,74,9570.0
100,75,9770.0
100,76,9970.0
100,77,10160.0
100,78,10660.0
100,79,10860.0
100,80,11080.0
100,81,11280.0
100,82,11850.0
100,83,12020.0
100,84,12220.0
100,85,12390.0
100,86,14180.0
100,87,14400.0
100,88,14800.0
100,89,15000.0
100,90,30300.0
100,91,30800.0
100,92,31300.0
100,93,31800.0
100,94,38400.0
100,95,39100.0
100,96,40000.0
100,97,40482.2
100,98,158171.0
100,99,160808.0
101,0,6.58
101,1,12.4
101,2,24.3
101,3,40.0
101,4,54.1
101,5,76.0
101,6,96.0
101,7,115.1
101,8,143.9
101,9,162.0
101,10,187.0
101,11,215.0
101,12,240.0
101,13,260.0
101,14,282.0
101,15,307.0
101,16,334.0
101,17,360.0
101,18,386.0
101,19,412.0
101,20,438.0
101,21,462.0
101,22,486.0
101,23,659.0
101,24,690.0
101,25,723.0
101,26,760.0
101,27,794.0
101,28,828.0
101,29,885.0
101,30,920.0
101,31,958.0
101,32,994.0
101,33,1160.0
101,34,1210.0
101,35,1250.0
101,36,1290.0
101,37,1430.0
101,38,1480.0
101,39,1620.0
101,40,1660.0
101,41,1840.0
101,42,1930.0
101,43,2020.0
101,44,2110.0
101,45,2200.0
101,46,2290.0
101,47,2390.0
101,48,2480.0
101,49,2580.0
101,50,2680.0
101,51,2760.0
101,52,2860.0
101,53,2950.0
101,54,3050.0
101,55,3513.0
101,56,3592.0
101,57,3675.0
101,58,3762.0
101,59,3845.0
101,60,3926.0
101,61,4109.0
101,62,4194.0
101,63,4286.0
101,64,4371.0
101,65,4720.0
101,66,4800.0
101,67,4890.0
101,68,4970.0
101,69,5580.0
101,70,5680.0
101,71,5930.0
101,72,6030.0
101,73,9430.0
101,74,9620.0
101,75,9810.0
101,76,10020.0
101,77,10220.0
101,78,10410.0
101,79,10930.0
101,80,11130.0
101,81,11350.0
101,82,11560.0
101,83,12130.0
101,84,12310.0
101,85,12500.0
101,86,12680.0
101,87,14560.0
101,88,14800.0
101,89,15200.0
101,90,15400.0
101,91,31000.0
101,92,31500.0
101,93,32000.0
101,94,32500.0
101,95,39500.0
101,96,40100.0
101,97,41000.0
101,98,41548.0
101,99,162066.0
101,100,164764.0
102,0,6.62621
102,1,12.93
102,2,25.8
102,3,41.5
102,4,60.0
102,5,74.0
102,6,97.0
102,7,119.0
102,8,140.0
102,9,170.0
102,10,187.0
102,11,216.0
102,12,246.0
102,13,267.0
102,14,285.0
102,15,312.0
102,16,341.0
102,17,367.0
102,18,394.0
102,19,422.0
102,20,448.0
102,21,475.0
102,22,496.0
102,23,520.0
102,24,701.0
102,25,734.0
102,26,768.0
102,27,805.0
102,28,840.0
102,29,875.0
102,30,934.0
102,31,969.0
102,32,1010.0
102,33,1045.0
102,34,1220.0
102,35,1260.0
102,36,1300.0
102,37,1350.0
102,38,1500.0
102,39,1550.0
102,40,1680.0
102,41,1730.0
102,42,1920.0
102,43,2010.0
102,44,2110.0
102,45,2200.0
102,46,2290.0
102,47,2380.0
102,48,2470.0
102,49,2570.0
102,50,2680.0
102,51,2760.0
102,52,2860.0
102,53,2950.0
102,54,3050.0
102,55,3140.0
102,56,3627.0
102,57,3705.0
102,58,3790.0
102,59,3878.0
102,60,3962.0
102,61,4045.0
102,62,4234.0
102,63,4320.0
102,64,4413.0
102,65,4500.0
102,66,4850.0
102,67,4930.0
102,68,5030.0
102,69,5110.0
102,70,5750.0
102,71,5850.0
102,72,6110.0
102,73,6210.0
102,74,9680.0
102,75,9860.0
102,76,10060.0
102,77,10270.0
102,78,10470.0
102,79,10660.0
102,80,11200.0
102,81,11410.0
102,82,11630.0
102,83,11840.0
102,84,12420.0
102,85,12600.0
102,86,12800.0
102,87,12980.0
102,88,15000.0
102,89,15200.0
102,90,15600.0
102,91,15800.0
102,92,31700.0
102,93,32200.0
102,94,32700.0
102,95,33200.0
102,96,40500.0
102,97,41200.0
102,98,42100.0
102,99,42632.0
102,100,166050.0
102,101,168804.0
103,0,4.96
103,1,14.54
103,2,21.8
103,3,43.6
103,4,56.0
103,5,80.0
103,6,96.0
103,7,121.0
103,8,143.0
103,9,165.0
103,10,197.0
103,11,216.0
103,12,244.0
103,13,269.0
103,14,290.0
103,15,322.0
103,16,344.0
103,17,374.0
103,18,403.0
103,19,431.0
103,20,459.0
103,21,487.0
103,22,510.0
103,23,540.0
103,24,560.0
103,25,745.0
103,26,779.0
103,27,814.0
103,28,852.0
103,29,888.0
103,30,922.0
103,31,985.0
103,32,1020.0
103,33,1061.0
103,34,1098.0
103,35,1280.0
103,36,1320.0
103,37,1360.0
103,38,1410.0
103,39,1570.0
103,40,1620.0
103,41,1760.0
103,42,1810.0
103,43,2010.0
103,44,2100.0
103,45,2190.0
103,46,2290.0
103,47,2380.0
103,48,2470.0
103,49,2570.0
103,50,2670.0
103,51,2780.0
103,52,2860.0
103,53,2960.0
103,54,3060.0
103,55,3150.0
103,56,3250.0
103,57,3741.0
103,58,3821.0
103,59,3906.0
103,60,3996.0
103,61,4082.0
103,62,4165.0
103,63,4360.0
103,64,4448.0
103,65,4540.0
103,66,4630.0
103,67,4990.0
103,68,5070.0
103,69,5160.0
103,70,5250.0
103,71,5920.0
103,72,6030.0
103,73,6290.0
103,74,6390.0
103,75,9920.0
103,76,10110.0
103,77,10310.0
103,78,10520.0
103,79,10720.0
103,80,10920.0
103,81,11470.0
103,82,11680.0
103,83,11910.0
103,84,12120.0
103,85,12710.0
103,86,12890.0
103,87,13090.0
103,88,13300.0
103,89,15300.0
103,90,15600.0
103,91,16000.0
103,92,16200.0
103,93,32400.0
103,94,32900.0
103,95,33400.0
103,96,33900.0
103,97,41600.0
103,98,42300.0
103,99,43200.0
103,100,43759.0
103,101,170116.0
103,102,172928.0
104,0,6.02
104,1,14.35
104,2,23.84
104,3,31.87
104,4,64.0
104,5,77.0
104,6,102.0
104,7,119.0
104,8,146.1
104,9,169.0
104,10,193.0
104,11,225.0
104,12,244.0
104,13,275.0
104,26,791.0
104,27,825.0
104,28,860.0
104,29,899.0
104,30,936.0
104,31,972.0
104,32,1036.0
104,33,1073.0
104,34,1114.0
104,35,1151.0
104,58,3857.0
104,59,3938.0
104,60,4025.0
104,61,4116.0
104,62,4203.0
104,63,4287.0
104,64,4489.0
104,65,4580.0
104,66,4670.0
104,67,4760.0
104,68,5130.0
104,69,5210.0
104,70,5300.0
104,71,5390.0
104,72,6100.0
104,73,6200.0
104,74,6470.0
104,75,6570.0
104,76,10170.0
104,77,10360.0
104,78,10560.0
104,79,10780.0
104,80,10980.0
104,81,11180.0
104,82,11750.0
104,83,11960.0
104,84,12200.0
104,85,12410.0
104,86,13010.0
104,87,13190.0
104,88,13400.0
104,89,13600.0
104,90,15800.0
104,91,16000.0
104,92,16400.0
104,93,16700.0
104,94,33100.0
104,95,33600.0
104,96,34100.0
104,97,34600.0
104,98,42700.0
104,99,43400.0
104,100,44300.0
104,102,174265.0
104,103,177142.0
105,0,6.8
105,1,14.0
105,2,23.1
105,3,33.0
105,4,43.0
105,5,86.0
105,6,98.9
105,7,126.0
105,8,145.1
105,9,172.0
105,10,196.0
105,11,220.9
105,12,254.0
105,13,274.0
105,14,307.0
105,27,838.0
105,28,872.0
105,29,908.0
105,30,948.0
105,31,985.0
105,32,1022.0
105,33,1089.0
105,34,1126.0
105,35,1168.0
105,36,1207.0
105,59,3975.0
105,60,4057.0
105,61,4145.0
105,62,4237.0
105,63,4326.0
105,64,4411.0
105,65,4620.0
105,66,4710.0
105,67,4810.0
105,68,4900.0
105,69,5260.0
105,70,5350.0
105,71,5450.0
105,72,5530.0
105,73,6280.0
105,74,6380.0
105,75,6650.0
105,76,6760.0
105,77,10420.0
105,78,10610.0
105,79,10820.0
105,80,11040.0
105,81,11240.0
105,82,11440.0
105,83,12040.0
105,84,12250.0
105,85,12480.0
105,86,12700.0
105,87,13300.0
105,88,13500.0
105,89,13700.0
105,90,13900.0
105,91,16200.0
105,92,16400.0
105,93,16900.0
105,94,17100.0
105,95,33800.0
105,96,34300.0
105,97,34800.0
105,98,35300.0
105,99,43800.0
105,100,44500.0
105,101,45400.0
105,103,178505.0
105,104,181445.0
106,0,7.8
106,1,17.1
106,2,25.8
106,3,35.5
106,4,47.2
106,5,59.3
106,6,109.0
106,7,122.0
106,8,152.0
106,9,170.0
106,10,200.0
106,11,224.0
106,12,251.0
106,13,285.0
106,14,306.0
106,15,339.0
106,28,885.0
106,29,921.0
106,30,958.0
106,31,998.0
106,32,1036.0
106,33,1073.0
106,34,1143.0
106,35,1181.0
106,36,1223.0
106,37,1263.0
106,60,4095.0
106,61,4178.0
106,62,4267.0
106,63,4360.0
106,64,4450.0
106,65,4540.0
106,66,4750.0
106,67,4840.0
106,68,4940.0
106,69,5030.0
106,70,5410.0
106,71,5490.0
106,72,5590.0
106,73,5680.0
106,74,6460.0
106,75,6570.0
106,76,6840.0
106,77,6950.0
106,78,10680.0
106,79,10870.0
106,80,11080.0
106,81,11300.0
106,82,11510.0
106,83,11710.0
106,84,12320.0
106,85,12540.0
106,86,12780.0
106,87,12990.0
106,88,13600.0
106,89,13800.0
106,90,14000.0
106,91,14200.0
106,92,16600.0
106,93,16800.0
106,94,17300.0
106,95,17500.0
106,96,34500.0
106,97,35000.0
106,98,35600.0
106,99,36100.0
106,100,44900.0
106,101,45700.0
106,102,46600.0
106,104,182833.0
106,105,185835.0
107,0,7.7
107,1,17.5
107,2,26.7
107,3,37.3
107,4,49.0
107,5,62.1
107,6,74.9
107,7,134.0
107,8,148.0
107,9,178.0
107,10,198.0
107,11,228.0
107,12,255.0
107,13,281.0
107,14,318.0
107,15,337.0
107,16,374.0
107,29,934.0
107,30,969.0
107,31,1008.0
107,32,1049.0
107,33,1088.0
107,34,1126.0
107,35,1197.0
107,36,1237.0
107,37,1280.0
107,38,1320.0
107,61,4216.0
107,62,4301.0
107,63,4390.0
107,64,4486.0
107,65,4580.0
107,66,4660.0
107,67,4890.0
107,68,4980.0
107,69,5080.0
107,70,5170.0
107,71,5550.0
107,72,5640.0
107,73,5740.0
107,74,5830.0
107,75,6650.0
107,76,6760.0
107,77,7040.0
107,78,7140.0
107,79,10930.0
107,80,11130.0
107,81,11340.0
107,82,11560.0
107,83,11780.0
107,84,11980.0
107,85,12610.0
107,86,12830.0
107,87,13070.0
107,88,13300.0
107,89,13900.0
107,90,14100.0
107,91,14300.0
107,92,14500.0
107,93,17000.0
107,94,17300.0
107,95,17700.0
107,96,18000.0
107,97,35200.0
107,98,35700.0
107,99,36300.0
107,100,36800.0
107,101,46100.0
107,102,46900.0
107,103,47800.0
107,105,187260.0
107,106,190329.0
108,0,7.6
108,1,18.2
108,2,29.3
108,3,37.7
108,4,51.2
108,5,64.0
108,6,78.1
108,7,91.7
108,8,159.9
108,9,173.9
108,10,206.1
108,11,227.0
108,12,258.0
108,13,285.0
108,14,314.0
108,15,351.0
108,16,371.0
108,17,409.0
108,30,984.0
108,31,1020.0
108,32,1060.0
108,33,1101.0
108,34,1140.0
108,35,1180.0
108,36,1253.0
108,37,1294.0
108,38,1338.0
108,39,1379.0
108,62,4339.0
108,63,4425.0
108,64,4516.0
108,65,4610.0
108,66,4700.0
108,67,4790.0
108,68,5020.0
108,69,5110.0
108,70,5220.0
108,71,5310.0
108,72,5700.0
108,73,5780.0
108,74,5880.0
108,75,5980.0
108,76,6840.0
108,77,6950.0
108,78,7230.0
108,79,7340.0
108,80,11200.0
108,81,11390.0
108,82,11610.0
108,83,11830.0
108,84,12040.0
108,85,12250.0
108,86,12910.0
108,87,13130.0
108,88,13400.0
108,89,13600.0
108,90,14200.0
108,91,14400.0
108,92,14600.0
108,93,14800.0
108,94,17500.0
108,95,17700.0
108,96,18200.0
108,97,18400.0
108,98,35900.0
108,99,36400.0
108,100,37000.0
108,101,37500.0
108,102,47300.0
108,103,48100.0
108,104,49000.0
108,106,191784.0
108,107,194911.0
109,4,50.0
109,7,94.0
109,8,109.0
109,9,187.0
109,10,202.0
109,11,235.9
109,12,257.0
109,13,289.0
109,14,318.0
109,15,346.0
109,16,386.0
109,17,406.0
109,18,445.0
109,31,1035.0
109,32,1072.0
109,33,1112.0
109,34,1154.0
109,35,1195.0
109,36,1234.0
109,37,1311.0
109,38,1352.0
109,39,1397.0
109,40,1439.0
109,63,4464.0
109,64,4551.0
109,65,4640.0
109,66,4740.0
109,67,4830.0
109,68,4920.0
109,69,5160.0
109,70,5250.0
109,71,5360.0
109,72,5450.0
109,73,5840.0
109,74,5930.0
109,75,6030.0
109,76,6130.0
109,77,7030.0
109,78,7150.0
109,79,7430.0
109,80,7550.0
109,81,11460.0
109,82,11660.0
109,83,11870.0
109,84,12100.0
109,85,12320.0
109,86,12530.0
109,87,13200.0
109,88,13400.0
109,89,13700.0
109,90,13900.0
109,91,14500.0
109,92,14700.0
109,93,14900.0
109,94,15100.0
109,95,17900.0
109,96,18200.0
109,97,18700.0
109,98,18900.0
109,99,36700.0
109,100,37200.0
109,101,37800.0
109,102,38300.0
109,103,48500.0
109,104,49400.0
109,105,50300.0
109,107,196392.0
109,108,199605.0
110,5,65.0
110,8,112.9
110,9,128.0
110,10,216.0
110,11,231.0
110,12,266.0
110,13,288.0
110,14,322.0
110,15,352.0
110,16,380.0
110,17,422.0
110,18,442.0
110,19,483.0
110,32,1087.0
110,33,1125.0
110,34,1165.0
110,35,1208.0
110,36,1250.0
110,37,1290.0
110,38,1369.0
110,39,1412.0
110,40,1457.0
110,41,1500.0
110,64,4590.0
110,65,4680.0
110,66,4770.0
110,67,4870.0
110,68,4960.0
110,69,5060.0
110,70,5300.0
110,71,5400.0
110,72,5500.0
110,73,5600.0
110,74,5990.0
110,75,6080.0
110,76,6190.0
110,77,6280.0
110,78,7230.0
110,79,7350.0
110,80,7640.0
110,81,7750.0
110,82,11730.0
110,83,11930.0
110,84,12140.0
110,85,12380.0
110,86,12600.0
110,87,12810.0
110,88,13500.0
110,89,13700.0
110,90,14000.0
110,91,14200.0
110,92,14800.0
110,93,15000.0
110,94,15300.0
110,95,15500.0
110,96,18400.0
110,97,18600.0
110,98,19100.0
110,99,19400.0
110,100,37400.0
110,101,37900.0
110,102,38500.0
110,103,39100.0
110,104,49800.0
110,105,50700.0
110,106,51600.0
110,108,201112.0
110,109,204394.0
